,Same Community
graph_1_1_nodes_57_128,0
graph_3_2_nodes_63_88,0
graph_3_3_nodes_5_197,1
graph_1_2_nodes_16_145,0
graph_4_1_nodes_51_76,0
graph_1_3_nodes_20_60,0
graph_1_1_nodes_7_38,0
graph_4_3_nodes_71_107,0
graph_3_4_nodes_147_153,1
graph_2_2_nodes_45_102,0
graph_4_3_nodes_12_45,0
graph_3_5_nodes_48_145,0
graph_1_2_nodes_70_151,0
graph_4_2_nodes_20_152,1
graph_2_5_nodes_79_144,0
graph_2_1_nodes_36_194,0
graph_2_5_nodes_106_197,0
graph_2_4_nodes_90_177,0
graph_1_5_nodes_32_78,0
graph_1_4_nodes_25_117,0
graph_2_2_nodes_42_52,0
graph_1_2_nodes_41_60,0
graph_1_2_nodes_120_198,0
graph_1_2_nodes_49_191,0
graph_4_5_nodes_28_161,0
graph_4_1_nodes_58_152,0
graph_2_3_nodes_100_185,1
graph_2_1_nodes_3_149,0
graph_2_2_nodes_184_186,0
graph_1_1_nodes_116_186,0
graph_4_1_nodes_140_146,0
graph_4_2_nodes_9_125,0
graph_1_3_nodes_84_159,0
graph_3_3_nodes_21_154,0
graph_2_1_nodes_37_99,0
graph_4_5_nodes_93_102,0
graph_4_1_nodes_66_112,0
graph_1_3_nodes_3_41,0
graph_2_4_nodes_2_112,0
graph_3_5_nodes_38_69,0
graph_4_2_nodes_28_102,0
graph_1_3_nodes_35_163,0
graph_1_4_nodes_32_153,0
graph_3_1_nodes_19_33,0
graph_1_4_nodes_144_177,0
graph_2_1_nodes_120_144,0
graph_4_1_nodes_1_131,0
graph_1_3_nodes_1_10,0
graph_3_5_nodes_25_96,0
graph_3_4_nodes_126_160,0
graph_1_2_nodes_60_70,1
graph_2_2_nodes_79_91,0
graph_2_4_nodes_59_106,0
graph_1_4_nodes_12_171,0
graph_1_5_nodes_25_199,0
graph_4_4_nodes_95_162,0
graph_4_4_nodes_150_174,0
graph_4_2_nodes_35_126,0
graph_3_1_nodes_3_79,0
graph_4_5_nodes_31_51,0
graph_4_5_nodes_45_47,0
graph_4_5_nodes_113_176,0
graph_3_1_nodes_139_159,1
graph_4_5_nodes_169_195,0
graph_1_5_nodes_77_134,0
graph_3_3_nodes_54_117,1
graph_4_4_nodes_83_155,0
graph_4_3_nodes_116_168,0
graph_4_3_nodes_140_161,0
graph_2_1_nodes_16_60,0
graph_4_3_nodes_65_106,0
graph_2_1_nodes_23_48,0
graph_3_3_nodes_160_182,0
graph_4_1_nodes_61_186,1
graph_2_5_nodes_44_122,0
graph_2_4_nodes_112_180,0
graph_4_3_nodes_8_128,0
graph_1_2_nodes_167_191,0
graph_4_1_nodes_1_123,0
graph_2_5_nodes_53_63,0
graph_3_2_nodes_8_76,0
graph_4_4_nodes_137_160,1
graph_4_1_nodes_178_199,0
graph_1_1_nodes_35_193,0
graph_4_5_nodes_4_56,0
graph_1_3_nodes_126_167,0
graph_2_3_nodes_59_164,1
graph_2_1_nodes_34_63,0
graph_4_4_nodes_30_92,1
graph_2_1_nodes_148_171,0
graph_2_1_nodes_27_139,0
graph_1_3_nodes_40_72,0
graph_1_4_nodes_97_118,0
graph_1_5_nodes_0_49,0
graph_4_1_nodes_175_184,0
graph_1_4_nodes_85_89,1
graph_3_4_nodes_7_120,0
graph_2_5_nodes_27_36,0
graph_1_2_nodes_120_153,0
graph_4_4_nodes_108_183,0
graph_1_5_nodes_60_128,0
graph_4_5_nodes_19_131,0
graph_3_5_nodes_7_188,0
graph_1_1_nodes_108_180,0
graph_4_4_nodes_85_109,0
graph_3_1_nodes_59_181,0
graph_2_5_nodes_22_35,0
graph_3_4_nodes_52_178,0
graph_4_4_nodes_140_169,0
graph_4_5_nodes_152_154,0
graph_4_5_nodes_32_155,1
graph_3_1_nodes_22_187,0
graph_2_2_nodes_32_86,0
graph_2_2_nodes_58_178,0
graph_1_3_nodes_53_157,0
graph_3_3_nodes_29_81,0
graph_3_3_nodes_142_146,0
graph_2_3_nodes_172_192,0
graph_4_5_nodes_34_166,0
graph_2_2_nodes_6_192,1
graph_3_5_nodes_183_190,1
graph_4_2_nodes_91_121,0
graph_3_1_nodes_33_141,1
graph_1_2_nodes_11_59,0
graph_1_5_nodes_45_81,0
graph_1_4_nodes_117_181,0
graph_3_3_nodes_45_187,1
graph_4_4_nodes_108_159,0
graph_4_5_nodes_36_86,0
graph_3_3_nodes_18_155,0
graph_2_3_nodes_36_55,0
graph_3_2_nodes_9_110,0
graph_4_2_nodes_36_147,0
graph_3_3_nodes_52_130,0
graph_4_3_nodes_44_94,1
graph_1_5_nodes_12_177,0
graph_3_4_nodes_70_76,0
graph_1_4_nodes_56_140,0
graph_1_1_nodes_16_125,0
graph_4_3_nodes_85_88,0
graph_3_2_nodes_95_186,0
graph_4_2_nodes_23_190,0
graph_2_3_nodes_109_151,0
graph_1_2_nodes_17_66,0
graph_1_1_nodes_135_194,0
graph_2_1_nodes_5_137,0
graph_1_2_nodes_35_115,0
graph_4_4_nodes_36_152,0
graph_3_2_nodes_132_192,0
graph_1_1_nodes_33_127,0
graph_4_3_nodes_42_103,0
graph_4_1_nodes_143_181,0
graph_4_3_nodes_3_15,1
graph_3_3_nodes_70_97,0
graph_2_3_nodes_132_156,0
graph_3_2_nodes_101_134,0
graph_2_1_nodes_62_103,0
graph_2_3_nodes_69_148,0
graph_1_3_nodes_44_116,0
graph_3_2_nodes_1_150,0
graph_4_1_nodes_108_182,0
graph_4_1_nodes_113_137,0
graph_2_3_nodes_69_192,0
graph_4_4_nodes_41_192,0
graph_4_3_nodes_20_133,0
graph_3_5_nodes_158_197,0
graph_2_2_nodes_39_139,0
graph_4_3_nodes_1_64,0
graph_4_3_nodes_123_196,1
graph_2_4_nodes_121_165,0
graph_1_4_nodes_35_61,0
graph_1_3_nodes_180_189,0
graph_4_1_nodes_61_149,1
graph_1_5_nodes_35_110,0
graph_1_1_nodes_145_197,0
graph_2_3_nodes_51_149,0
graph_1_2_nodes_72_147,0
graph_3_1_nodes_1_136,0
graph_3_4_nodes_66_143,0
graph_3_2_nodes_37_162,1
graph_1_2_nodes_93_117,0
graph_4_4_nodes_169_182,0
graph_3_3_nodes_126_134,0
graph_2_1_nodes_25_85,0
graph_4_1_nodes_122_176,0
graph_1_2_nodes_63_93,0
graph_1_3_nodes_32_128,0
graph_2_4_nodes_55_86,0
graph_4_2_nodes_82_98,1
graph_2_5_nodes_93_120,0
graph_2_2_nodes_108_164,0
graph_2_4_nodes_31_67,0
graph_1_2_nodes_55_137,0
graph_1_1_nodes_50_147,0
graph_2_2_nodes_85_96,0
graph_4_3_nodes_46_189,0
graph_4_2_nodes_14_39,0
graph_3_1_nodes_133_198,0
graph_2_3_nodes_57_62,0
graph_1_4_nodes_19_66,0
graph_2_4_nodes_60_138,0
graph_2_5_nodes_78_142,1
graph_1_2_nodes_40_100,0
graph_4_4_nodes_68_197,0
graph_1_4_nodes_17_29,0
graph_1_2_nodes_85_145,0
graph_1_4_nodes_88_112,0
graph_4_3_nodes_27_156,0
graph_3_4_nodes_73_80,1
graph_4_2_nodes_19_46,0
graph_2_5_nodes_40_89,0
graph_3_2_nodes_41_154,0
graph_3_2_nodes_24_37,0
graph_2_4_nodes_11_184,0
graph_3_3_nodes_38_75,0
graph_2_1_nodes_27_115,0
graph_4_1_nodes_10_158,1
graph_4_4_nodes_101_195,1
graph_2_2_nodes_9_185,0
graph_3_3_nodes_109_131,0
graph_3_1_nodes_137_158,1
graph_4_3_nodes_141_196,0
graph_1_2_nodes_25_163,0
graph_4_2_nodes_5_138,0
graph_3_1_nodes_102_199,0
graph_2_5_nodes_63_184,0
graph_1_2_nodes_52_187,0
graph_2_1_nodes_75_194,0
graph_4_1_nodes_69_161,0
graph_4_5_nodes_114_123,0
graph_4_4_nodes_0_95,0
graph_4_2_nodes_2_46,0
graph_4_1_nodes_11_36,1
graph_2_2_nodes_157_158,0
graph_3_3_nodes_73_198,0
graph_4_2_nodes_79_162,0
graph_1_5_nodes_33_199,1
graph_3_4_nodes_6_129,0
graph_3_3_nodes_33_177,0
graph_4_4_nodes_125_150,0
graph_1_2_nodes_52_87,0
graph_1_2_nodes_32_159,0
graph_2_3_nodes_112_122,0
graph_4_1_nodes_15_115,0
graph_3_5_nodes_47_76,0
graph_2_2_nodes_42_114,0
graph_3_4_nodes_92_144,0
graph_1_2_nodes_26_86,0
graph_2_2_nodes_68_94,0
graph_1_5_nodes_41_55,0
graph_1_2_nodes_76_138,0
graph_3_4_nodes_62_105,0
graph_3_4_nodes_49_191,0
graph_2_5_nodes_32_184,0
graph_1_1_nodes_124_145,0
graph_3_3_nodes_12_52,0
graph_4_4_nodes_23_173,0
graph_2_5_nodes_107_135,0
graph_1_5_nodes_37_155,0
graph_1_5_nodes_41_129,0
graph_4_1_nodes_163_192,0
graph_3_3_nodes_28_150,0
graph_2_2_nodes_29_74,0
graph_1_2_nodes_7_170,1
graph_1_3_nodes_12_81,0
graph_4_5_nodes_41_138,0
graph_3_2_nodes_69_172,0
graph_3_2_nodes_17_175,0
graph_3_3_nodes_14_83,1
graph_1_2_nodes_26_91,0
graph_4_2_nodes_24_59,0
graph_3_2_nodes_130_136,0
graph_3_2_nodes_142_183,0
graph_1_1_nodes_2_71,0
graph_2_4_nodes_1_96,0
graph_1_4_nodes_13_90,0
graph_4_3_nodes_67_193,0
graph_1_2_nodes_57_121,0
graph_1_3_nodes_149_194,0
graph_3_5_nodes_8_131,1
graph_3_3_nodes_9_158,0
graph_1_5_nodes_153_181,0
graph_2_5_nodes_43_185,0
graph_3_4_nodes_19_161,1
graph_2_1_nodes_40_91,0
graph_4_2_nodes_57_187,0
graph_1_1_nodes_2_101,0
graph_3_2_nodes_180_182,0
graph_3_5_nodes_86_196,0
graph_3_5_nodes_31_140,1
graph_3_2_nodes_81_96,1
graph_2_2_nodes_33_183,0
graph_3_1_nodes_121_126,0
graph_4_3_nodes_138_188,0
graph_4_1_nodes_30_69,0
graph_1_4_nodes_67_174,0
graph_2_4_nodes_93_121,0
graph_3_5_nodes_73_164,0
graph_4_1_nodes_34_125,0
graph_1_4_nodes_102_180,0
graph_2_1_nodes_126_189,0
graph_1_2_nodes_169_196,0
graph_2_5_nodes_23_106,0
graph_2_3_nodes_9_184,0
graph_1_2_nodes_141_170,0
graph_2_2_nodes_57_85,1
graph_1_4_nodes_80_148,0
graph_2_5_nodes_24_40,0
graph_2_1_nodes_57_72,1
graph_2_3_nodes_86_191,0
graph_2_1_nodes_87_197,0
graph_1_5_nodes_133_154,0
graph_2_3_nodes_25_182,1
graph_4_2_nodes_97_160,0
graph_3_4_nodes_2_156,0
graph_3_1_nodes_10_64,0
graph_2_1_nodes_1_78,0
graph_4_1_nodes_49_110,0
graph_2_4_nodes_146_174,0
graph_4_2_nodes_69_117,0
graph_1_1_nodes_51_172,0
graph_1_5_nodes_13_71,0
graph_3_1_nodes_68_81,0
graph_3_3_nodes_2_173,0
graph_4_5_nodes_22_167,0
graph_4_2_nodes_82_129,0
graph_3_3_nodes_145_163,1
graph_2_1_nodes_11_172,0
graph_3_2_nodes_58_116,0
graph_3_4_nodes_40_169,0
graph_4_3_nodes_67_132,0
graph_4_3_nodes_40_114,0
graph_3_5_nodes_24_76,0
graph_4_1_nodes_13_63,0
graph_3_3_nodes_42_183,0
graph_2_2_nodes_193_199,0
graph_3_3_nodes_50_188,0
graph_2_5_nodes_98_187,0
graph_2_1_nodes_7_189,0
graph_1_3_nodes_35_146,0
graph_1_3_nodes_114_142,0
graph_3_1_nodes_1_189,0
graph_3_3_nodes_4_128,0
graph_1_3_nodes_60_69,0
graph_1_2_nodes_47_139,0
graph_3_5_nodes_16_135,0
graph_2_4_nodes_68_128,0
graph_4_5_nodes_63_133,0
graph_1_1_nodes_96_127,1
graph_1_5_nodes_48_126,0
graph_4_2_nodes_180_187,1
graph_2_5_nodes_27_136,0
graph_1_5_nodes_158_185,1
graph_3_3_nodes_158_184,0
graph_4_2_nodes_95_109,0
graph_3_5_nodes_92_180,1
graph_3_2_nodes_21_56,1
graph_3_2_nodes_112_121,0
graph_3_3_nodes_67_146,0
graph_4_1_nodes_112_132,0
graph_3_1_nodes_72_193,0
graph_2_4_nodes_103_123,0
graph_2_2_nodes_9_30,0
graph_1_2_nodes_122_138,0
graph_3_3_nodes_11_131,0
graph_3_2_nodes_139_164,0
graph_4_1_nodes_45_142,0
graph_1_5_nodes_6_83,0
graph_3_3_nodes_65_66,1
graph_2_5_nodes_144_156,0
graph_1_1_nodes_8_117,0
graph_3_1_nodes_0_189,0
graph_1_4_nodes_49_85,0
graph_4_3_nodes_37_139,0
graph_1_4_nodes_150_157,0
graph_1_3_nodes_9_56,0
graph_2_5_nodes_33_147,0
graph_2_4_nodes_118_158,0
graph_2_2_nodes_12_179,0
graph_1_1_nodes_167_184,1
graph_2_3_nodes_179_180,0
graph_2_3_nodes_8_130,0
graph_1_1_nodes_12_143,1
graph_4_4_nodes_8_49,0
graph_4_1_nodes_47_198,0
graph_2_2_nodes_81_154,0
graph_4_4_nodes_56_58,0
graph_4_4_nodes_103_146,0
graph_1_3_nodes_5_177,0
graph_2_3_nodes_58_168,0
graph_4_2_nodes_165_184,1
graph_3_1_nodes_100_186,0
graph_1_2_nodes_130_164,0
graph_2_1_nodes_152_170,0
graph_1_2_nodes_60_122,0
graph_1_3_nodes_93_168,0
graph_1_5_nodes_104_171,0
graph_3_5_nodes_74_76,1
graph_2_3_nodes_38_95,0
graph_4_1_nodes_99_198,0
graph_3_5_nodes_22_77,0
graph_4_1_nodes_23_190,0
graph_3_3_nodes_32_179,1
graph_1_4_nodes_133_137,0
graph_4_4_nodes_58_77,0
graph_3_2_nodes_72_168,0
graph_3_5_nodes_32_167,0
graph_2_5_nodes_81_89,0
graph_4_3_nodes_46_182,0
graph_3_5_nodes_138_199,0
graph_4_3_nodes_120_176,0
graph_4_2_nodes_91_187,0
graph_2_1_nodes_85_107,0
graph_2_3_nodes_64_188,0
graph_2_5_nodes_127_153,0
graph_3_5_nodes_19_182,0
graph_4_1_nodes_18_134,0
graph_2_2_nodes_90_137,0
graph_1_1_nodes_15_180,0
graph_1_3_nodes_27_113,0
graph_2_4_nodes_49_110,0
graph_3_2_nodes_23_133,1
graph_2_4_nodes_39_87,0
graph_3_5_nodes_101_153,0
graph_2_1_nodes_44_51,0
graph_3_1_nodes_2_33,1
graph_2_4_nodes_55_168,0
graph_1_4_nodes_161_184,0
graph_2_5_nodes_71_107,0
graph_3_4_nodes_70_96,0
graph_1_4_nodes_70_101,0
graph_4_2_nodes_40_79,0
graph_2_1_nodes_111_140,1
graph_3_1_nodes_111_199,0
graph_1_5_nodes_45_116,0
graph_3_2_nodes_46_137,0
graph_1_3_nodes_40_161,0
graph_3_5_nodes_90_155,0
graph_1_5_nodes_52_68,0
graph_3_4_nodes_3_93,0
graph_1_5_nodes_34_126,0
graph_4_5_nodes_22_57,0
graph_1_3_nodes_119_173,0
graph_3_4_nodes_38_79,0
graph_3_4_nodes_12_197,0
graph_1_2_nodes_100_186,0
graph_1_5_nodes_63_109,0
graph_2_4_nodes_40_94,1
graph_3_5_nodes_67_134,0
graph_2_4_nodes_8_22,0
graph_1_5_nodes_86_145,0
graph_2_1_nodes_39_133,0
graph_3_2_nodes_109_153,0
graph_4_5_nodes_11_53,0
graph_2_2_nodes_35_124,0
graph_1_1_nodes_120_128,0
graph_1_1_nodes_27_194,0
graph_1_4_nodes_169_199,0
graph_2_2_nodes_71_97,0
graph_1_3_nodes_133_198,0
graph_4_4_nodes_105_126,0
graph_2_2_nodes_56_199,0
graph_1_4_nodes_111_182,0
graph_2_2_nodes_121_122,0
graph_4_1_nodes_36_156,0
graph_1_1_nodes_28_112,0
graph_3_1_nodes_82_183,1
graph_2_4_nodes_30_84,0
graph_2_4_nodes_16_20,0
graph_1_3_nodes_76_86,0
graph_1_4_nodes_74_145,0
graph_1_5_nodes_127_181,0
graph_4_1_nodes_10_86,0
graph_1_1_nodes_43_162,0
graph_4_3_nodes_23_173,0
graph_4_3_nodes_79_140,0
graph_3_5_nodes_70_152,0
graph_2_2_nodes_39_97,0
graph_4_2_nodes_29_154,0
graph_1_5_nodes_30_89,0
graph_1_4_nodes_139_142,1
graph_1_4_nodes_115_157,0
graph_2_4_nodes_92_102,0
graph_2_4_nodes_16_125,0
graph_4_1_nodes_29_61,0
graph_1_4_nodes_58_72,0
graph_1_1_nodes_0_80,0
graph_1_1_nodes_56_176,0
graph_2_3_nodes_7_130,1
graph_4_1_nodes_63_112,0
graph_3_3_nodes_117_133,0
graph_2_1_nodes_17_137,0
graph_4_4_nodes_82_100,0
graph_3_2_nodes_70_117,1
graph_4_5_nodes_26_180,0
graph_1_1_nodes_19_134,0
graph_4_1_nodes_2_154,0
graph_3_4_nodes_1_36,1
graph_1_4_nodes_40_82,0
graph_1_2_nodes_69_96,0
graph_1_1_nodes_72_182,0
graph_4_3_nodes_68_159,0
graph_1_3_nodes_7_173,0
graph_4_3_nodes_18_178,0
graph_2_1_nodes_62_184,0
graph_2_5_nodes_133_155,0
graph_4_2_nodes_4_16,0
graph_3_3_nodes_107_167,0
graph_3_4_nodes_81_102,0
graph_2_1_nodes_131_183,1
graph_3_2_nodes_97_160,1
graph_1_3_nodes_17_102,1
graph_1_5_nodes_66_94,0
graph_1_1_nodes_32_79,0
graph_2_2_nodes_95_129,0
graph_4_4_nodes_87_95,0
graph_1_2_nodes_23_122,0
graph_3_2_nodes_95_165,0
graph_1_1_nodes_10_43,0
graph_3_5_nodes_128_148,0
graph_4_5_nodes_13_60,0
graph_3_4_nodes_133_174,1
graph_3_1_nodes_41_100,1
graph_4_4_nodes_55_99,1
graph_1_5_nodes_158_170,1
graph_1_3_nodes_41_170,0
graph_3_4_nodes_113_167,1
graph_2_1_nodes_26_158,0
graph_4_1_nodes_7_40,0
graph_2_4_nodes_90_171,0
graph_3_5_nodes_17_173,0
graph_2_1_nodes_3_162,1
graph_2_2_nodes_158_198,0
graph_3_1_nodes_54_137,0
graph_2_5_nodes_63_157,0
graph_2_3_nodes_11_71,0
graph_1_4_nodes_12_113,1
graph_4_1_nodes_123_161,1
graph_1_3_nodes_133_144,0
graph_2_2_nodes_84_194,0
graph_2_1_nodes_135_149,0
graph_2_4_nodes_35_163,0
graph_2_2_nodes_85_188,0
graph_2_2_nodes_45_66,0
graph_4_5_nodes_29_52,1
graph_4_5_nodes_12_84,0
graph_1_1_nodes_66_118,0
graph_4_1_nodes_145_166,0
graph_4_1_nodes_20_175,0
graph_2_1_nodes_25_143,0
graph_2_1_nodes_13_114,0
graph_2_5_nodes_59_107,0
graph_3_1_nodes_59_80,0
graph_4_4_nodes_26_116,0
graph_1_5_nodes_69_198,0
graph_1_1_nodes_22_125,0
graph_4_3_nodes_48_167,0
graph_3_2_nodes_79_129,0
graph_4_2_nodes_12_181,1
graph_1_3_nodes_15_139,0
graph_4_4_nodes_65_153,0
graph_2_5_nodes_84_135,0
graph_4_1_nodes_91_190,0
graph_3_4_nodes_50_143,0
graph_4_3_nodes_112_195,0
graph_3_3_nodes_94_195,0
graph_3_5_nodes_159_193,0
graph_3_3_nodes_42_103,0
graph_2_3_nodes_14_163,1
graph_2_2_nodes_72_105,0
graph_3_4_nodes_41_170,1
graph_4_3_nodes_27_151,0
graph_2_4_nodes_45_113,0
graph_1_5_nodes_62_191,0
graph_3_1_nodes_43_91,0
graph_1_1_nodes_150_169,0
graph_1_4_nodes_123_155,0
graph_4_2_nodes_66_123,0
graph_4_4_nodes_55_69,0
graph_1_1_nodes_24_183,0
graph_3_2_nodes_39_145,0
graph_1_3_nodes_11_118,0
graph_4_1_nodes_44_172,1
graph_1_5_nodes_73_178,0
graph_1_5_nodes_31_121,1
graph_1_3_nodes_119_156,0
graph_1_5_nodes_116_146,0
graph_3_2_nodes_103_125,0
graph_4_1_nodes_10_129,0
graph_2_4_nodes_29_155,0
graph_1_2_nodes_184_195,0
graph_4_2_nodes_1_117,0
graph_4_4_nodes_46_64,0
graph_1_5_nodes_44_133,0
graph_2_2_nodes_66_112,0
graph_3_4_nodes_32_147,0
graph_4_4_nodes_63_77,0
graph_4_5_nodes_71_117,0
graph_3_2_nodes_174_198,0
graph_4_2_nodes_22_55,0
graph_4_4_nodes_89_179,0
graph_3_2_nodes_138_158,0
graph_4_5_nodes_24_87,1
graph_4_4_nodes_84_187,0
graph_1_2_nodes_141_187,0
graph_1_3_nodes_87_171,0
graph_4_1_nodes_38_79,0
graph_4_5_nodes_69_96,0
graph_3_4_nodes_19_155,0
graph_1_4_nodes_5_31,0
graph_4_3_nodes_17_80,1
graph_4_2_nodes_150_179,0
graph_1_4_nodes_89_145,0
graph_4_1_nodes_27_154,0
graph_4_5_nodes_113_148,0
graph_4_5_nodes_46_64,0
graph_4_4_nodes_119_175,0
graph_1_5_nodes_92_131,1
graph_3_3_nodes_117_137,0
graph_4_4_nodes_121_197,0
graph_2_3_nodes_84_132,0
graph_1_3_nodes_95_160,0
graph_2_3_nodes_113_165,0
graph_4_3_nodes_116_123,0
graph_4_5_nodes_139_151,1
graph_3_2_nodes_64_78,0
graph_4_3_nodes_65_143,0
graph_3_2_nodes_74_173,1
graph_4_4_nodes_169_192,0
graph_2_1_nodes_91_127,0
graph_3_4_nodes_9_198,0
graph_3_3_nodes_11_182,0
graph_4_2_nodes_21_137,1
graph_4_1_nodes_25_103,0
graph_2_3_nodes_14_134,0
graph_1_4_nodes_42_136,0
graph_4_3_nodes_139_150,1
graph_4_3_nodes_16_158,0
graph_4_1_nodes_113_140,0
graph_2_4_nodes_49_174,0
graph_4_4_nodes_105_195,0
graph_3_5_nodes_60_191,0
graph_2_1_nodes_3_74,0
graph_2_3_nodes_150_176,0
graph_3_3_nodes_67_88,0
graph_4_4_nodes_72_193,1
graph_2_2_nodes_1_179,0
graph_3_3_nodes_41_80,0
graph_4_2_nodes_67_131,0
graph_4_4_nodes_100_145,0
graph_4_2_nodes_110_129,0
graph_1_2_nodes_5_51,0
graph_2_5_nodes_148_183,0
graph_3_3_nodes_89_99,0
graph_4_2_nodes_69_199,0
graph_2_2_nodes_55_59,0
graph_3_4_nodes_162_198,0
graph_4_3_nodes_60_136,0
graph_1_2_nodes_94_148,0
graph_4_5_nodes_120_164,0
graph_4_3_nodes_20_115,0
graph_1_4_nodes_38_188,0
graph_1_4_nodes_104_143,0
graph_2_5_nodes_44_149,0
graph_1_1_nodes_35_180,1
graph_3_4_nodes_12_193,0
graph_4_4_nodes_145_189,0
graph_1_4_nodes_37_97,0
graph_2_5_nodes_41_56,0
graph_1_5_nodes_12_167,0
graph_2_3_nodes_7_107,0
graph_3_2_nodes_28_30,0
graph_4_1_nodes_97_173,0
graph_3_1_nodes_146_150,0
graph_1_2_nodes_126_142,0
graph_1_2_nodes_5_79,0
graph_3_5_nodes_117_179,0
graph_1_2_nodes_8_170,0
graph_1_4_nodes_111_181,0
graph_4_3_nodes_131_139,0
graph_4_3_nodes_153_161,0
graph_4_3_nodes_37_85,0
graph_3_2_nodes_40_67,0
graph_2_1_nodes_84_98,0
graph_1_5_nodes_7_149,0
graph_4_3_nodes_25_78,0
graph_2_1_nodes_64_79,1
graph_1_4_nodes_97_159,0
graph_3_2_nodes_107_154,0
graph_3_2_nodes_74_143,1
graph_2_5_nodes_28_119,0
graph_1_3_nodes_62_109,0
graph_2_2_nodes_33_87,0
graph_4_1_nodes_88_97,0
graph_4_4_nodes_65_127,0
graph_2_2_nodes_41_153,0
graph_1_2_nodes_100_118,1
graph_4_3_nodes_131_185,0
graph_4_4_nodes_108_173,0
graph_2_4_nodes_21_174,0
graph_4_2_nodes_69_157,0
graph_3_4_nodes_22_112,0
graph_1_1_nodes_121_174,0
graph_2_5_nodes_106_198,0
graph_1_4_nodes_136_195,0
graph_3_4_nodes_0_195,0
graph_4_1_nodes_140_160,0
graph_3_5_nodes_89_165,0
graph_3_2_nodes_127_180,0
graph_4_1_nodes_44_198,0
graph_4_4_nodes_37_83,0
graph_2_3_nodes_126_143,0
graph_3_3_nodes_13_118,0
graph_1_3_nodes_154_158,0
graph_3_3_nodes_28_171,0
graph_3_4_nodes_33_83,0
graph_2_3_nodes_1_2,0
graph_3_5_nodes_45_66,1
graph_1_1_nodes_17_24,0
graph_4_3_nodes_16_87,0
graph_1_4_nodes_86_190,0
graph_2_5_nodes_10_134,0
graph_1_4_nodes_23_70,0
graph_2_2_nodes_51_82,0
graph_4_3_nodes_11_31,0
graph_1_4_nodes_48_63,0
graph_4_2_nodes_74_98,0
graph_3_3_nodes_55_187,0
graph_3_5_nodes_96_134,1
graph_2_3_nodes_2_168,0
graph_2_1_nodes_133_192,0
graph_1_5_nodes_105_158,0
graph_3_1_nodes_55_134,0
graph_1_3_nodes_70_154,1
graph_1_2_nodes_189_194,0
graph_3_5_nodes_101_145,1
graph_3_5_nodes_117_131,1
graph_1_1_nodes_55_189,0
graph_1_4_nodes_49_169,0
graph_2_4_nodes_56_171,0
graph_4_3_nodes_93_102,0
graph_4_3_nodes_36_173,0
graph_3_4_nodes_2_119,0
graph_4_5_nodes_28_118,1
graph_2_2_nodes_48_83,1
graph_3_3_nodes_77_175,0
graph_2_4_nodes_64_150,0
graph_3_2_nodes_16_165,0
graph_3_1_nodes_12_144,0
graph_1_2_nodes_72_144,1
graph_1_3_nodes_139_191,0
graph_1_5_nodes_3_131,1
graph_1_4_nodes_45_101,0
graph_2_2_nodes_10_79,0
graph_4_3_nodes_64_134,0
graph_2_5_nodes_122_173,0
graph_1_1_nodes_97_189,0
graph_1_4_nodes_30_156,0
graph_3_2_nodes_167_183,0
graph_1_3_nodes_28_132,0
graph_2_3_nodes_51_104,0
graph_2_4_nodes_102_115,0
graph_4_2_nodes_108_114,0
graph_4_3_nodes_69_77,0
graph_1_5_nodes_43_100,1
graph_1_2_nodes_113_149,0
graph_1_4_nodes_160_175,0
graph_3_2_nodes_154_190,0
graph_3_3_nodes_139_196,0
graph_1_2_nodes_13_111,0
graph_4_4_nodes_42_72,0
graph_1_3_nodes_82_144,0
graph_4_4_nodes_8_198,0
graph_1_5_nodes_31_186,0
graph_3_5_nodes_4_181,1
graph_4_2_nodes_73_81,0
graph_4_2_nodes_26_140,0
graph_4_3_nodes_10_194,0
graph_3_3_nodes_31_188,0
graph_3_4_nodes_39_82,0
graph_3_5_nodes_49_164,0
graph_2_5_nodes_27_123,0
graph_3_5_nodes_77_157,0
graph_3_1_nodes_21_49,1
graph_2_3_nodes_66_70,0
graph_2_5_nodes_119_157,0
graph_4_4_nodes_85_139,0
graph_1_3_nodes_24_122,0
graph_3_2_nodes_151_188,0
graph_1_3_nodes_40_190,1
graph_2_1_nodes_173_188,1
graph_1_1_nodes_38_131,0
graph_3_2_nodes_120_124,0
graph_3_2_nodes_86_189,0
graph_3_5_nodes_163_184,0
graph_3_5_nodes_83_147,0
graph_2_3_nodes_58_151,0
graph_4_5_nodes_4_47,0
graph_4_4_nodes_126_150,0
graph_1_4_nodes_3_87,1
graph_4_4_nodes_30_90,0
graph_2_5_nodes_130_188,0
graph_4_1_nodes_52_129,0
graph_1_4_nodes_105_174,0
graph_2_5_nodes_191_194,0
graph_1_4_nodes_22_193,0
graph_1_2_nodes_183_198,0
graph_3_4_nodes_81_107,0
graph_2_1_nodes_22_87,0
graph_4_4_nodes_144_191,0
graph_2_2_nodes_23_27,1
graph_4_1_nodes_152_154,0
graph_2_2_nodes_33_192,0
graph_1_3_nodes_167_180,0
graph_3_3_nodes_54_83,0
graph_3_2_nodes_108_185,0
graph_3_1_nodes_102_105,0
graph_4_2_nodes_68_105,1
graph_4_1_nodes_78_97,0
graph_2_4_nodes_35_198,0
graph_3_2_nodes_154_157,0
graph_2_4_nodes_8_37,0
graph_1_4_nodes_134_182,0
graph_4_1_nodes_21_179,0
graph_2_3_nodes_33_96,0
graph_1_5_nodes_156_194,0
graph_4_4_nodes_63_111,0
graph_2_4_nodes_41_102,1
graph_2_2_nodes_25_27,0
graph_2_2_nodes_7_107,0
graph_2_4_nodes_75_181,0
graph_2_3_nodes_104_133,0
graph_2_1_nodes_69_101,0
graph_1_4_nodes_46_51,1
graph_3_5_nodes_10_99,0
graph_3_5_nodes_47_143,0
graph_4_3_nodes_28_109,1
graph_1_2_nodes_36_120,0
graph_2_3_nodes_63_167,0
graph_1_4_nodes_88_188,0
graph_3_2_nodes_73_131,0
graph_1_1_nodes_127_161,0
graph_3_1_nodes_68_112,0
graph_1_2_nodes_16_25,0
graph_4_5_nodes_111_146,0
graph_4_5_nodes_96_125,0
graph_2_2_nodes_54_112,0
graph_2_1_nodes_55_167,0
graph_3_4_nodes_114_153,0
graph_4_2_nodes_71_89,0
graph_4_3_nodes_52_63,0
graph_1_3_nodes_56_103,0
graph_3_2_nodes_130_164,0
graph_1_2_nodes_42_75,0
graph_1_1_nodes_142_187,0
graph_1_5_nodes_45_147,0
graph_1_1_nodes_44_184,0
graph_3_5_nodes_53_129,0
graph_4_1_nodes_133_158,0
graph_3_1_nodes_39_171,0
graph_2_4_nodes_58_174,0
graph_2_5_nodes_44_83,0
graph_4_3_nodes_161_183,0
graph_2_5_nodes_2_91,0
graph_2_5_nodes_119_151,0
graph_4_3_nodes_142_156,0
graph_1_2_nodes_73_156,0
graph_4_5_nodes_95_179,0
graph_1_3_nodes_45_164,0
graph_4_3_nodes_87_175,0
graph_2_3_nodes_65_126,0
graph_4_4_nodes_52_147,0
graph_1_4_nodes_105_181,0
graph_4_5_nodes_122_140,0
graph_3_5_nodes_19_153,0
graph_4_1_nodes_42_147,0
graph_1_3_nodes_36_160,0
graph_4_2_nodes_4_152,0
graph_1_4_nodes_62_101,0
graph_4_4_nodes_20_125,0
graph_2_1_nodes_130_166,1
graph_2_2_nodes_25_93,0
graph_3_3_nodes_135_187,0
graph_4_3_nodes_12_186,0
graph_1_3_nodes_19_60,0
graph_1_5_nodes_7_137,1
graph_1_2_nodes_31_163,0
graph_2_5_nodes_8_63,1
graph_4_5_nodes_91_126,0
graph_2_3_nodes_11_125,1
graph_3_5_nodes_0_71,0
graph_2_2_nodes_155_194,0
graph_3_2_nodes_27_164,0
graph_4_1_nodes_91_147,0
graph_2_4_nodes_112_181,0
graph_2_1_nodes_125_178,0
graph_1_1_nodes_25_97,1
graph_4_3_nodes_10_99,0
graph_4_1_nodes_82_112,0
graph_1_2_nodes_37_45,0
graph_3_3_nodes_151_159,1
graph_4_5_nodes_109_187,0
graph_3_2_nodes_52_189,0
graph_2_2_nodes_0_69,0
graph_3_1_nodes_24_32,0
graph_1_5_nodes_101_189,0
graph_1_5_nodes_109_158,0
graph_3_1_nodes_115_136,0
graph_3_4_nodes_66_137,0
graph_2_3_nodes_103_162,0
graph_1_4_nodes_118_154,0
graph_3_3_nodes_14_32,0
graph_3_3_nodes_136_169,1
graph_1_3_nodes_64_156,1
graph_3_4_nodes_119_125,0
graph_2_4_nodes_31_117,0
graph_2_2_nodes_59_161,0
graph_2_5_nodes_146_186,0
graph_2_2_nodes_101_152,0
graph_3_4_nodes_10_113,0
graph_3_2_nodes_58_85,0
graph_3_3_nodes_106_180,0
graph_4_1_nodes_187_194,0
graph_4_2_nodes_62_185,0
graph_3_3_nodes_163_194,0
graph_4_5_nodes_7_128,0
graph_3_5_nodes_52_80,0
graph_4_2_nodes_135_138,0
graph_2_3_nodes_41_148,0
graph_1_2_nodes_53_81,0
graph_4_4_nodes_31_80,0
graph_4_2_nodes_53_94,0
graph_3_5_nodes_83_170,0
graph_2_1_nodes_20_121,0
graph_2_4_nodes_51_129,0
graph_4_5_nodes_30_182,0
graph_4_2_nodes_64_193,0
graph_1_4_nodes_87_125,0
graph_1_1_nodes_141_176,0
graph_2_5_nodes_39_192,0
graph_3_3_nodes_24_112,0
graph_1_2_nodes_108_118,0
graph_1_4_nodes_7_11,0
graph_2_5_nodes_28_175,0
graph_3_5_nodes_72_174,0
graph_3_4_nodes_157_184,0
graph_1_1_nodes_20_142,0
graph_2_5_nodes_18_179,0
graph_1_1_nodes_52_173,0
graph_4_3_nodes_12_180,0
graph_1_2_nodes_44_79,0
graph_4_1_nodes_98_187,0
graph_3_3_nodes_10_75,0
graph_4_5_nodes_53_150,0
graph_3_3_nodes_31_50,0
graph_2_2_nodes_106_114,0
graph_2_5_nodes_123_151,0
graph_4_3_nodes_101_160,0
graph_3_2_nodes_79_185,0
graph_4_3_nodes_54_64,0
graph_4_1_nodes_120_142,0
graph_2_2_nodes_10_126,0
graph_4_4_nodes_132_156,0
graph_2_2_nodes_26_64,0
graph_1_5_nodes_1_167,0
graph_2_3_nodes_135_160,0
graph_3_3_nodes_62_109,0
graph_4_4_nodes_25_81,0
graph_2_2_nodes_16_136,0
graph_3_1_nodes_82_166,0
graph_1_2_nodes_59_103,0
graph_3_4_nodes_1_42,0
graph_1_2_nodes_10_133,0
graph_2_3_nodes_17_95,0
graph_3_4_nodes_184_189,0
graph_2_1_nodes_57_180,0
graph_4_2_nodes_126_163,0
graph_3_5_nodes_81_113,0
graph_4_4_nodes_75_152,0
graph_2_2_nodes_7_83,0
graph_1_1_nodes_35_133,0
graph_4_2_nodes_121_175,0
graph_1_2_nodes_8_104,0
graph_1_5_nodes_48_64,0
graph_1_1_nodes_14_65,0
graph_4_1_nodes_98_139,0
graph_2_3_nodes_101_135,0
graph_4_4_nodes_18_20,0
graph_4_4_nodes_13_67,0
graph_3_5_nodes_84_140,0
graph_1_1_nodes_27_199,0
graph_2_4_nodes_61_176,0
graph_1_5_nodes_47_121,0
graph_3_3_nodes_45_150,1
graph_4_4_nodes_16_109,0
graph_4_4_nodes_154_188,0
graph_1_1_nodes_76_182,0
graph_2_5_nodes_51_84,0
graph_2_3_nodes_21_84,0
graph_4_4_nodes_39_125,0
graph_2_4_nodes_124_196,0
graph_1_2_nodes_57_109,0
graph_1_4_nodes_80_171,0
graph_1_1_nodes_105_183,0
graph_4_3_nodes_167_171,0
graph_4_5_nodes_34_83,0
graph_2_5_nodes_0_136,0
graph_1_5_nodes_143_186,0
graph_4_1_nodes_62_137,0
graph_4_2_nodes_107_160,1
graph_2_4_nodes_12_127,0
graph_4_5_nodes_100_172,1
graph_1_1_nodes_78_149,0
graph_3_5_nodes_73_115,0
graph_4_2_nodes_35_153,0
graph_4_2_nodes_75_123,0
graph_3_2_nodes_41_125,0
graph_3_4_nodes_158_166,0
graph_2_5_nodes_155_195,0
graph_3_4_nodes_160_183,0
graph_1_5_nodes_18_98,0
graph_1_2_nodes_27_134,0
graph_4_3_nodes_45_171,0
graph_1_5_nodes_12_158,0
graph_1_3_nodes_24_155,0
graph_2_5_nodes_149_160,1
graph_4_3_nodes_23_44,0
graph_2_3_nodes_63_162,0
graph_4_3_nodes_24_62,0
graph_1_3_nodes_64_85,0
graph_2_3_nodes_8_12,0
graph_1_4_nodes_62_186,0
graph_2_2_nodes_34_101,0
graph_2_1_nodes_121_141,0
graph_2_3_nodes_98_149,0
graph_4_1_nodes_129_189,0
graph_2_1_nodes_104_131,0
graph_1_4_nodes_60_63,0
graph_3_5_nodes_7_109,1
graph_4_3_nodes_4_69,0
graph_3_2_nodes_12_41,0
graph_3_4_nodes_25_106,0
graph_3_2_nodes_155_190,0
graph_2_2_nodes_125_163,0
graph_2_1_nodes_30_168,1
graph_4_1_nodes_6_28,0
graph_2_5_nodes_102_136,0
graph_3_5_nodes_164_175,0
graph_3_3_nodes_121_149,0
graph_1_3_nodes_12_127,0
graph_3_4_nodes_34_106,0
graph_1_3_nodes_28_99,0
graph_1_5_nodes_147_152,0
graph_3_5_nodes_62_89,0
graph_3_3_nodes_7_198,1
graph_4_2_nodes_127_191,0
graph_3_4_nodes_58_93,0
graph_3_4_nodes_59_118,0
graph_1_1_nodes_42_146,0
graph_2_3_nodes_80_97,0
graph_4_4_nodes_104_167,0
graph_4_1_nodes_88_147,0
graph_2_4_nodes_39_86,0
graph_4_3_nodes_120_130,0
graph_4_2_nodes_113_142,0
graph_4_4_nodes_27_176,0
graph_1_5_nodes_53_90,0
graph_1_5_nodes_19_158,0
graph_3_2_nodes_3_126,0
graph_3_2_nodes_117_165,0
graph_2_4_nodes_7_16,1
graph_4_2_nodes_47_143,0
graph_1_3_nodes_33_156,0
graph_2_2_nodes_4_54,0
graph_1_5_nodes_24_76,0
graph_2_5_nodes_174_195,0
graph_3_1_nodes_119_196,0
graph_3_4_nodes_37_185,0
graph_3_4_nodes_71_130,0
graph_2_2_nodes_89_133,0
graph_1_2_nodes_182_196,0
graph_2_5_nodes_78_158,0
graph_1_1_nodes_31_104,0
graph_1_4_nodes_32_98,0
graph_2_3_nodes_98_172,0
graph_4_5_nodes_12_166,0
graph_3_5_nodes_4_32,1
graph_1_4_nodes_35_43,0
graph_2_5_nodes_68_127,1
graph_2_4_nodes_42_119,1
graph_2_4_nodes_7_172,0
graph_2_5_nodes_146_152,0
graph_2_4_nodes_11_199,0
graph_1_3_nodes_108_178,0
graph_4_2_nodes_29_198,0
graph_2_3_nodes_88_170,0
graph_2_2_nodes_30_77,1
graph_2_5_nodes_53_147,0
graph_1_2_nodes_157_164,0
graph_4_2_nodes_65_165,0
graph_2_2_nodes_117_191,0
graph_1_3_nodes_74_79,0
graph_3_5_nodes_88_149,0
graph_3_1_nodes_152_198,0
graph_3_1_nodes_59_109,0
graph_2_4_nodes_46_104,0
graph_1_4_nodes_124_161,1
graph_1_3_nodes_130_163,0
graph_4_5_nodes_1_113,0
graph_2_1_nodes_181_190,0
graph_4_4_nodes_97_134,0
graph_2_3_nodes_138_176,0
graph_1_2_nodes_58_151,0
graph_2_2_nodes_19_118,0
graph_1_4_nodes_80_157,0
graph_4_2_nodes_33_84,1
graph_2_2_nodes_98_163,0
graph_3_2_nodes_116_128,0
graph_1_4_nodes_184_187,0
graph_4_4_nodes_10_197,0
graph_4_1_nodes_154_187,0
graph_3_2_nodes_37_85,0
graph_4_4_nodes_73_109,0
graph_4_2_nodes_36_59,0
graph_1_2_nodes_86_135,0
graph_1_1_nodes_19_166,0
graph_2_4_nodes_74_154,0
graph_3_2_nodes_1_111,0
graph_4_2_nodes_105_148,0
graph_1_1_nodes_42_67,1
graph_1_4_nodes_8_114,0
graph_1_4_nodes_90_129,1
graph_2_3_nodes_39_170,0
graph_1_2_nodes_136_161,0
graph_4_5_nodes_29_56,0
graph_3_5_nodes_34_51,0
graph_1_1_nodes_96_117,0
graph_3_3_nodes_19_168,0
graph_3_3_nodes_152_172,0
graph_2_2_nodes_21_156,1
graph_4_4_nodes_108_141,0
graph_4_2_nodes_83_177,0
graph_1_3_nodes_6_71,0
graph_4_4_nodes_41_117,0
graph_4_5_nodes_128_135,0
graph_4_3_nodes_29_188,0
graph_1_2_nodes_27_42,0
graph_4_4_nodes_33_137,0
graph_2_3_nodes_40_48,1
graph_4_1_nodes_23_115,0
graph_4_2_nodes_95_141,0
graph_4_3_nodes_40_86,0
graph_2_5_nodes_8_24,1
graph_2_5_nodes_83_109,0
graph_1_1_nodes_20_84,1
graph_4_3_nodes_65_135,0
graph_3_5_nodes_42_85,0
graph_1_1_nodes_105_107,0
graph_4_1_nodes_8_144,1
graph_4_5_nodes_66_68,0
graph_1_5_nodes_16_179,0
graph_1_1_nodes_52_68,0
graph_4_1_nodes_9_164,0
graph_4_5_nodes_14_194,0
graph_4_1_nodes_100_113,0
graph_3_3_nodes_72_82,0
graph_1_1_nodes_9_141,0
graph_1_5_nodes_139_191,0
graph_2_5_nodes_73_161,0
graph_2_5_nodes_11_136,0
graph_1_2_nodes_113_137,0
graph_1_5_nodes_165_188,0
graph_4_5_nodes_77_114,0
graph_1_5_nodes_106_148,1
graph_3_5_nodes_101_139,0
graph_4_3_nodes_34_177,1
graph_3_4_nodes_5_121,1
graph_4_1_nodes_140_196,0
graph_2_2_nodes_114_186,0
graph_2_4_nodes_27_180,0
graph_3_4_nodes_126_175,0
graph_1_5_nodes_115_131,0
graph_1_2_nodes_113_163,0
graph_2_4_nodes_17_152,0
graph_3_2_nodes_67_70,0
graph_1_3_nodes_95_175,0
graph_1_4_nodes_128_164,0
graph_4_1_nodes_64_126,0
graph_1_2_nodes_58_158,0
graph_3_2_nodes_25_125,1
graph_1_3_nodes_174_190,0
graph_4_5_nodes_83_173,0
graph_2_2_nodes_152_174,0
graph_4_5_nodes_16_35,0
graph_4_2_nodes_102_129,0
graph_3_3_nodes_55_111,1
graph_3_5_nodes_3_115,0
graph_1_1_nodes_39_75,0
graph_3_2_nodes_24_193,0
graph_1_1_nodes_7_54,0
graph_2_5_nodes_145_170,0
graph_2_3_nodes_116_158,0
graph_4_4_nodes_55_174,0
graph_4_4_nodes_25_85,0
graph_2_1_nodes_22_78,0
graph_4_3_nodes_172_189,0
graph_1_1_nodes_29_113,0
graph_2_4_nodes_18_128,0
graph_3_1_nodes_15_146,0
graph_1_4_nodes_0_191,0
graph_3_1_nodes_83_181,0
graph_2_2_nodes_124_171,0
graph_2_3_nodes_108_161,0
graph_4_3_nodes_117_198,0
graph_4_4_nodes_98_164,0
graph_1_5_nodes_61_194,1
graph_3_4_nodes_123_140,0
graph_4_2_nodes_99_159,0
graph_3_5_nodes_2_39,0
graph_3_4_nodes_116_139,1
graph_4_3_nodes_9_42,0
graph_4_3_nodes_10_94,0
graph_1_3_nodes_47_198,1
graph_3_3_nodes_99_142,0
graph_1_2_nodes_67_92,0
graph_3_2_nodes_53_117,0
graph_3_5_nodes_98_117,0
graph_3_3_nodes_38_65,0
graph_1_4_nodes_43_105,0
graph_3_3_nodes_39_99,1
graph_3_1_nodes_85_87,1
graph_4_3_nodes_36_132,0
graph_2_5_nodes_12_142,0
graph_3_3_nodes_17_45,0
graph_2_2_nodes_71_164,0
graph_1_4_nodes_61_106,0
graph_4_3_nodes_31_148,0
graph_1_4_nodes_53_102,0
graph_1_4_nodes_9_80,0
graph_4_4_nodes_65_154,0
graph_4_4_nodes_12_126,0
graph_4_5_nodes_27_58,0
graph_2_4_nodes_46_122,0
graph_1_5_nodes_83_135,0
graph_3_3_nodes_29_86,0
graph_1_2_nodes_41_192,0
graph_4_1_nodes_23_52,0
graph_4_1_nodes_76_110,0
graph_4_1_nodes_15_97,0
graph_3_1_nodes_59_111,0
graph_4_2_nodes_4_109,0
graph_4_2_nodes_8_31,0
graph_2_4_nodes_22_132,1
graph_4_4_nodes_42_117,0
graph_2_5_nodes_82_143,0
graph_4_3_nodes_58_113,0
graph_4_2_nodes_16_71,0
graph_2_2_nodes_45_60,0
graph_2_2_nodes_15_72,0
graph_4_1_nodes_3_177,0
graph_3_4_nodes_18_87,0
graph_1_3_nodes_107_186,0
graph_4_5_nodes_98_160,0
graph_3_2_nodes_148_168,0
graph_4_2_nodes_100_120,1
graph_2_2_nodes_39_129,1
graph_1_3_nodes_27_124,0
graph_3_5_nodes_106_112,0
graph_2_5_nodes_5_123,0
graph_4_2_nodes_174_176,0
graph_4_2_nodes_84_181,0
graph_3_4_nodes_0_33,0
graph_3_2_nodes_5_70,1
graph_1_2_nodes_83_141,1
graph_3_2_nodes_0_65,0
graph_2_4_nodes_57_135,0
graph_2_3_nodes_152_170,1
graph_2_5_nodes_149_179,0
graph_3_3_nodes_126_130,0
graph_2_3_nodes_194_199,0
graph_1_4_nodes_4_123,0
graph_2_4_nodes_116_191,0
graph_3_2_nodes_3_86,0
graph_1_3_nodes_45_58,0
graph_1_4_nodes_23_193,0
graph_4_5_nodes_23_130,0
graph_3_2_nodes_49_72,0
graph_1_4_nodes_30_34,0
graph_4_1_nodes_16_166,0
graph_1_5_nodes_27_101,0
graph_4_3_nodes_1_143,0
graph_1_1_nodes_119_120,0
graph_2_5_nodes_3_140,0
graph_3_1_nodes_167_179,1
graph_1_1_nodes_28_38,0
graph_2_4_nodes_21_136,0
graph_4_5_nodes_41_83,1
graph_1_2_nodes_66_99,0
graph_4_4_nodes_120_122,0
graph_4_2_nodes_32_144,1
graph_4_1_nodes_165_169,0
graph_1_2_nodes_110_181,0
graph_3_3_nodes_99_106,0
graph_4_4_nodes_75_138,0
graph_3_5_nodes_35_116,1
graph_3_3_nodes_12_16,0
graph_4_2_nodes_12_78,0
graph_3_3_nodes_37_100,1
graph_1_1_nodes_67_97,0
graph_2_4_nodes_76_79,0
graph_1_2_nodes_131_196,0
graph_3_1_nodes_104_177,0
graph_2_5_nodes_22_47,0
graph_3_4_nodes_145_146,0
graph_1_5_nodes_65_80,0
graph_1_5_nodes_108_149,0
graph_2_4_nodes_86_152,0
graph_2_3_nodes_15_187,0
graph_1_5_nodes_108_138,0
graph_4_4_nodes_15_72,0
graph_2_4_nodes_158_171,0
graph_2_5_nodes_47_122,0
graph_4_2_nodes_126_159,0
graph_1_2_nodes_29_143,0
graph_3_1_nodes_102_116,1
graph_2_5_nodes_8_123,0
graph_1_4_nodes_23_174,0
graph_3_5_nodes_47_177,0
graph_2_4_nodes_66_188,0
graph_2_3_nodes_129_158,0
graph_1_5_nodes_30_196,0
graph_3_4_nodes_103_188,1
graph_3_1_nodes_96_110,0
graph_2_5_nodes_112_148,1
graph_3_4_nodes_46_80,1
graph_2_3_nodes_3_42,0
graph_4_3_nodes_177_191,1
graph_2_2_nodes_80_199,0
graph_3_4_nodes_50_186,0
graph_1_1_nodes_104_151,0
graph_2_5_nodes_10_69,0
graph_3_1_nodes_114_167,0
graph_4_5_nodes_49_118,0
graph_4_2_nodes_85_165,0
graph_1_3_nodes_28_185,0
graph_1_3_nodes_66_135,0
graph_1_3_nodes_7_155,0
graph_4_5_nodes_24_146,0
graph_4_1_nodes_98_153,0
graph_2_5_nodes_33_148,0
graph_2_2_nodes_92_180,0
graph_1_2_nodes_133_138,0
graph_1_1_nodes_35_113,0
graph_3_5_nodes_163_164,1
graph_4_1_nodes_11_145,0
graph_4_3_nodes_23_129,0
graph_1_4_nodes_165_170,0
graph_3_3_nodes_151_170,0
graph_2_1_nodes_22_197,0
graph_4_3_nodes_42_198,0
graph_1_1_nodes_85_135,0
graph_2_4_nodes_118_139,0
graph_1_2_nodes_121_196,0
graph_3_1_nodes_137_167,0
graph_3_1_nodes_42_179,0
graph_3_4_nodes_44_112,0
graph_4_1_nodes_115_171,0
graph_1_1_nodes_48_151,0
graph_4_2_nodes_122_194,0
graph_2_1_nodes_17_162,0
graph_1_2_nodes_57_61,0
graph_4_1_nodes_44_130,1
graph_4_4_nodes_41_164,0
graph_3_2_nodes_37_123,0
graph_1_4_nodes_60_126,0
graph_2_5_nodes_164_178,0
graph_4_2_nodes_28_89,0
graph_2_4_nodes_86_179,0
graph_3_1_nodes_102_147,0
graph_4_5_nodes_5_93,0
graph_2_4_nodes_102_190,0
graph_2_4_nodes_71_167,0
graph_2_4_nodes_48_135,0
graph_2_3_nodes_83_155,0
graph_1_1_nodes_18_53,0
graph_3_1_nodes_33_151,0
graph_1_1_nodes_97_105,1
graph_4_3_nodes_90_142,0
graph_2_2_nodes_59_139,0
graph_3_5_nodes_20_115,0
graph_1_2_nodes_106_156,0
graph_1_4_nodes_119_190,0
graph_2_3_nodes_60_194,0
graph_3_3_nodes_14_43,0
graph_4_5_nodes_45_123,0
graph_4_1_nodes_11_58,0
graph_3_1_nodes_57_149,0
graph_1_3_nodes_118_172,0
graph_2_1_nodes_15_143,0
graph_4_4_nodes_103_160,0
graph_3_1_nodes_34_55,0
graph_4_5_nodes_32_42,0
graph_3_1_nodes_116_180,0
graph_3_3_nodes_89_104,0
graph_3_2_nodes_130_168,0
graph_1_2_nodes_23_125,0
graph_2_3_nodes_34_170,0
graph_4_2_nodes_39_66,0
graph_4_4_nodes_28_169,0
graph_3_4_nodes_74_198,0
graph_3_5_nodes_0_106,0
graph_2_3_nodes_37_89,0
graph_4_1_nodes_148_185,0
graph_3_3_nodes_1_53,0
graph_4_5_nodes_4_113,0
graph_3_1_nodes_23_148,0
graph_3_3_nodes_137_172,0
graph_3_1_nodes_25_133,0
graph_2_2_nodes_46_156,0
graph_1_4_nodes_2_126,0
graph_1_1_nodes_105_108,0
graph_4_4_nodes_84_128,0
graph_4_2_nodes_68_153,0
graph_2_1_nodes_103_119,0
graph_1_4_nodes_137_160,0
graph_4_5_nodes_152_184,1
graph_4_5_nodes_6_53,0
graph_3_3_nodes_7_96,0
graph_3_2_nodes_171_192,0
graph_2_5_nodes_41_77,0
graph_1_1_nodes_9_194,0
graph_3_2_nodes_20_138,0
graph_4_1_nodes_101_156,0
graph_2_4_nodes_182_192,0
graph_1_2_nodes_41_72,0
graph_4_5_nodes_2_80,0
graph_2_3_nodes_97_197,0
graph_2_1_nodes_87_143,1
graph_4_5_nodes_77_159,0
graph_4_3_nodes_126_158,0
graph_1_5_nodes_136_144,0
graph_3_3_nodes_133_159,0
graph_2_4_nodes_94_190,1
graph_2_4_nodes_2_16,1
graph_3_3_nodes_78_148,0
graph_4_4_nodes_117_183,0
graph_4_1_nodes_23_146,0
graph_4_2_nodes_52_55,1
graph_4_3_nodes_84_199,0
graph_1_1_nodes_62_120,0
graph_2_5_nodes_38_48,0
graph_1_5_nodes_80_178,0
graph_3_5_nodes_21_131,1
graph_4_1_nodes_131_196,0
graph_4_4_nodes_7_171,0
graph_4_4_nodes_115_141,0
graph_4_2_nodes_10_74,0
graph_2_4_nodes_84_166,0
graph_3_3_nodes_140_165,0
graph_4_1_nodes_34_186,1
graph_3_5_nodes_146_178,0
graph_4_1_nodes_38_114,0
graph_2_1_nodes_168_174,0
graph_1_3_nodes_133_167,0
graph_4_3_nodes_64_154,0
graph_1_1_nodes_144_158,0
graph_1_4_nodes_38_80,0
graph_4_2_nodes_98_174,0
graph_1_3_nodes_35_156,0
graph_2_3_nodes_9_199,0
graph_4_4_nodes_73_113,0
graph_1_5_nodes_160_172,0
graph_3_4_nodes_26_168,0
graph_4_4_nodes_33_79,0
graph_2_2_nodes_50_77,0
graph_4_1_nodes_21_23,0
graph_3_4_nodes_78_158,0
graph_3_5_nodes_54_83,0
graph_2_5_nodes_141_195,0
graph_2_3_nodes_79_116,0
graph_1_4_nodes_44_86,0
graph_3_3_nodes_86_143,1
graph_2_2_nodes_102_124,0
graph_4_3_nodes_81_142,0
graph_2_5_nodes_24_143,0
graph_2_3_nodes_18_91,1
graph_3_5_nodes_57_65,0
graph_3_1_nodes_152_160,0
graph_2_5_nodes_0_29,0
graph_3_2_nodes_35_81,0
graph_1_1_nodes_5_35,0
graph_3_5_nodes_6_115,0
graph_3_5_nodes_32_171,0
graph_2_1_nodes_63_66,0
graph_2_2_nodes_4_78,0
graph_2_2_nodes_120_154,1
graph_1_1_nodes_117_156,0
graph_4_5_nodes_80_103,0
graph_4_5_nodes_16_43,0
graph_2_1_nodes_28_119,0
graph_4_1_nodes_32_111,0
graph_2_2_nodes_8_64,0
graph_2_2_nodes_31_187,0
graph_4_1_nodes_59_166,1
graph_4_5_nodes_43_155,0
graph_3_5_nodes_32_58,0
graph_4_1_nodes_159_181,0
graph_2_3_nodes_143_147,0
graph_4_5_nodes_138_191,1
graph_2_4_nodes_21_142,1
graph_1_2_nodes_23_119,1
graph_3_1_nodes_34_46,0
graph_2_3_nodes_0_153,1
graph_3_2_nodes_50_75,0
graph_2_1_nodes_181_194,1
graph_2_1_nodes_108_197,0
graph_4_2_nodes_93_135,0
graph_1_3_nodes_124_138,0
graph_4_5_nodes_131_139,1
graph_4_5_nodes_9_51,0
graph_1_3_nodes_10_166,0
graph_2_3_nodes_137_149,0
graph_2_5_nodes_41_198,0
graph_4_1_nodes_166_178,0
graph_1_1_nodes_37_118,1
graph_1_1_nodes_96_115,0
graph_1_5_nodes_5_12,0
graph_1_3_nodes_113_190,1
graph_4_5_nodes_40_194,0
graph_4_4_nodes_137_170,0
graph_4_1_nodes_47_124,0
graph_3_1_nodes_16_67,1
graph_4_2_nodes_150_198,0
graph_1_4_nodes_108_175,0
graph_1_2_nodes_25_104,0
graph_1_3_nodes_160_198,0
graph_2_4_nodes_111_163,0
graph_2_5_nodes_125_128,0
graph_3_5_nodes_117_178,0
graph_1_5_nodes_93_133,0
graph_1_5_nodes_165_185,0
graph_3_3_nodes_99_160,0
graph_4_2_nodes_31_42,0
graph_2_4_nodes_15_188,1
graph_2_5_nodes_140_198,0
graph_4_1_nodes_3_92,0
graph_4_3_nodes_144_184,0
graph_4_5_nodes_40_174,0
graph_2_1_nodes_67_88,0
graph_3_5_nodes_29_105,0
graph_2_2_nodes_194_197,0
graph_2_3_nodes_7_38,0
graph_2_4_nodes_72_107,0
graph_4_2_nodes_85_137,0
graph_3_5_nodes_15_103,1
graph_3_5_nodes_10_148,0
graph_3_4_nodes_52_122,0
graph_4_2_nodes_53_194,0
graph_3_1_nodes_138_168,0
graph_1_2_nodes_106_172,0
graph_3_5_nodes_66_188,0
graph_1_4_nodes_15_157,0
graph_2_4_nodes_44_85,0
graph_1_4_nodes_29_162,1
graph_2_3_nodes_119_180,1
graph_3_3_nodes_54_110,1
graph_3_2_nodes_81_113,0
graph_2_3_nodes_30_118,0
graph_4_2_nodes_27_61,0
graph_4_3_nodes_175_179,0
graph_3_3_nodes_32_88,0
graph_4_5_nodes_13_63,0
graph_2_3_nodes_46_170,0
graph_2_1_nodes_150_194,0
graph_4_5_nodes_71_80,1
graph_4_2_nodes_32_64,0
graph_1_5_nodes_11_16,1
graph_4_1_nodes_19_144,0
graph_3_1_nodes_134_141,0
graph_1_2_nodes_72_108,1
graph_4_5_nodes_28_189,0
graph_3_2_nodes_96_184,0
graph_1_1_nodes_87_192,0
graph_1_5_nodes_151_163,0
graph_3_1_nodes_8_199,0
graph_3_5_nodes_5_83,0
graph_1_5_nodes_43_163,1
graph_2_3_nodes_60_196,0
graph_3_4_nodes_84_106,0
graph_4_3_nodes_9_79,0
graph_1_2_nodes_35_68,0
graph_1_2_nodes_91_170,1
graph_1_3_nodes_103_155,0
graph_3_2_nodes_13_194,0
graph_3_3_nodes_43_144,0
graph_4_5_nodes_66_172,0
graph_2_2_nodes_40_180,0
graph_3_3_nodes_17_149,0
graph_1_3_nodes_22_101,0
graph_2_5_nodes_78_183,0
graph_2_3_nodes_40_97,0
graph_1_5_nodes_85_115,0
graph_2_1_nodes_4_197,1
graph_2_4_nodes_143_198,0
graph_2_2_nodes_50_149,0
graph_1_1_nodes_117_133,0
graph_3_3_nodes_41_91,0
graph_3_5_nodes_2_171,0
graph_2_1_nodes_131_139,0
graph_2_4_nodes_66_128,0
graph_1_2_nodes_13_148,0
graph_1_4_nodes_30_43,0
graph_2_3_nodes_75_128,0
graph_3_3_nodes_106_120,0
graph_2_2_nodes_103_180,1
graph_2_5_nodes_145_188,0
graph_4_4_nodes_124_188,0
graph_3_1_nodes_53_178,1
graph_3_3_nodes_38_152,0
graph_2_3_nodes_134_169,0
graph_4_2_nodes_173_191,0
graph_2_3_nodes_62_94,1
graph_4_3_nodes_90_180,0
graph_1_5_nodes_146_148,0
graph_3_3_nodes_148_182,0
graph_2_1_nodes_6_67,0
graph_2_5_nodes_42_132,0
graph_2_1_nodes_36_178,0
graph_1_1_nodes_39_51,0
graph_1_4_nodes_34_132,0
graph_4_4_nodes_19_80,0
graph_4_5_nodes_19_109,1
graph_2_4_nodes_10_136,0
graph_3_1_nodes_68_128,0
graph_3_4_nodes_30_193,0
graph_1_3_nodes_14_138,0
graph_3_3_nodes_124_194,0
graph_2_2_nodes_90_193,0
graph_4_4_nodes_86_102,0
graph_3_5_nodes_143_188,0
graph_2_1_nodes_141_149,0
graph_4_3_nodes_53_113,0
graph_1_3_nodes_62_115,0
graph_1_1_nodes_116_134,0
graph_2_5_nodes_178_190,0
graph_3_3_nodes_87_104,0
graph_2_5_nodes_39_143,0
graph_1_1_nodes_57_104,0
graph_3_5_nodes_60_185,0
graph_1_2_nodes_124_135,0
graph_4_3_nodes_5_149,0
graph_1_2_nodes_7_133,0
graph_3_5_nodes_32_151,0
graph_3_1_nodes_98_149,0
graph_3_2_nodes_10_107,0
graph_3_3_nodes_46_69,0
graph_3_2_nodes_142_171,0
graph_2_3_nodes_153_198,1
graph_4_3_nodes_118_160,0
graph_4_5_nodes_74_170,0
graph_3_5_nodes_43_108,0
graph_4_5_nodes_28_116,0
graph_1_2_nodes_54_192,0
graph_3_5_nodes_15_100,0
graph_1_2_nodes_2_170,0
graph_3_2_nodes_50_131,0
graph_1_4_nodes_6_140,0
graph_2_3_nodes_100_193,0
graph_3_5_nodes_173_183,0
graph_1_3_nodes_27_59,0
graph_1_3_nodes_152_184,0
graph_2_2_nodes_11_29,1
graph_3_3_nodes_71_193,0
graph_2_3_nodes_83_148,1
graph_1_1_nodes_180_185,1
graph_2_4_nodes_125_161,0
graph_1_3_nodes_47_106,0
graph_3_2_nodes_1_183,1
graph_1_2_nodes_128_189,0
graph_3_1_nodes_11_32,0
graph_3_1_nodes_50_152,0
graph_3_4_nodes_22_45,0
graph_1_2_nodes_7_47,0
graph_1_5_nodes_23_102,0
graph_2_5_nodes_34_192,0
graph_1_3_nodes_22_116,0
graph_4_1_nodes_124_136,1
graph_4_3_nodes_121_188,1
graph_3_1_nodes_28_121,0
graph_2_3_nodes_27_59,0
graph_1_4_nodes_7_32,1
graph_1_4_nodes_50_134,1
graph_1_3_nodes_17_188,0
graph_3_2_nodes_68_86,0
graph_4_4_nodes_87_145,0
graph_1_5_nodes_126_152,0
graph_4_2_nodes_1_59,0
graph_2_5_nodes_175_191,0
graph_1_1_nodes_55_162,0
graph_1_5_nodes_39_134,0
graph_2_2_nodes_34_41,0
graph_2_5_nodes_31_105,0
graph_2_5_nodes_22_168,0
graph_1_1_nodes_14_30,0
graph_4_4_nodes_55_199,1
graph_2_3_nodes_22_115,0
graph_2_2_nodes_64_130,0
graph_4_5_nodes_12_42,0
graph_1_2_nodes_161_168,0
graph_2_3_nodes_143_185,0
graph_4_4_nodes_43_141,0
graph_4_1_nodes_84_140,0
graph_2_2_nodes_20_111,0
graph_4_1_nodes_83_191,0
graph_3_1_nodes_62_134,1
graph_2_2_nodes_97_163,0
graph_1_5_nodes_149_198,0
graph_1_2_nodes_64_178,0
graph_2_5_nodes_70_155,0
graph_3_3_nodes_36_160,0
graph_2_1_nodes_42_181,1
graph_3_5_nodes_179_188,0
graph_1_3_nodes_38_64,0
graph_1_2_nodes_112_148,0
graph_1_2_nodes_49_161,0
graph_3_2_nodes_10_51,1
graph_4_1_nodes_3_8,0
graph_1_5_nodes_134_182,1
graph_2_1_nodes_24_85,0
graph_2_5_nodes_3_108,0
graph_1_1_nodes_46_179,0
graph_4_5_nodes_53_76,0
graph_2_4_nodes_38_128,0
graph_1_1_nodes_19_28,0
graph_4_2_nodes_13_118,0
graph_2_1_nodes_73_136,0
graph_3_5_nodes_111_127,0
graph_3_5_nodes_157_185,0
graph_2_5_nodes_52_69,0
graph_3_5_nodes_131_187,0
graph_1_4_nodes_53_130,0
graph_4_2_nodes_39_142,0
graph_2_3_nodes_30_156,0
graph_2_5_nodes_21_181,0
graph_1_1_nodes_127_174,0
graph_3_1_nodes_116_178,0
graph_1_2_nodes_58_138,0
graph_1_3_nodes_34_151,0
graph_3_3_nodes_122_128,0
graph_3_1_nodes_121_187,0
graph_3_4_nodes_58_118,0
graph_2_1_nodes_72_153,0
graph_2_5_nodes_42_114,0
graph_4_5_nodes_89_101,0
graph_1_3_nodes_8_196,0
graph_3_2_nodes_59_114,0
graph_3_3_nodes_144_173,0
graph_4_2_nodes_5_153,0
graph_4_2_nodes_91_172,0
graph_2_3_nodes_2_113,0
graph_2_2_nodes_6_166,1
graph_4_5_nodes_31_170,0
graph_1_2_nodes_16_169,1
graph_4_3_nodes_75_116,0
graph_1_4_nodes_10_41,0
graph_1_5_nodes_93_109,0
graph_2_2_nodes_22_94,0
graph_1_1_nodes_39_135,1
graph_1_2_nodes_179_182,0
graph_4_3_nodes_73_123,0
graph_3_3_nodes_44_170,0
graph_4_4_nodes_129_188,0
graph_2_2_nodes_183_195,0
graph_4_5_nodes_6_7,0
graph_2_5_nodes_55_113,0
graph_2_4_nodes_3_180,0
graph_4_5_nodes_138_176,0
graph_3_3_nodes_102_140,0
graph_2_4_nodes_80_127,0
graph_2_3_nodes_14_131,0
graph_1_2_nodes_111_181,0
graph_3_3_nodes_79_80,0
graph_2_4_nodes_121_131,0
graph_4_2_nodes_37_101,0
graph_1_4_nodes_93_152,0
graph_4_3_nodes_10_25,0
graph_2_5_nodes_47_121,0
graph_4_2_nodes_56_134,0
graph_2_4_nodes_62_199,0
graph_1_1_nodes_33_185,0
graph_3_1_nodes_75_163,0
graph_2_3_nodes_138_159,0
graph_3_2_nodes_121_156,0
graph_4_3_nodes_69_195,0
graph_3_4_nodes_12_153,1
graph_4_4_nodes_3_124,1
graph_3_5_nodes_60_190,0
graph_1_4_nodes_102_131,0
graph_3_1_nodes_48_150,0
graph_2_3_nodes_88_146,1
graph_4_4_nodes_4_164,0
graph_3_4_nodes_68_138,1
graph_4_3_nodes_1_38,0
graph_4_2_nodes_88_188,1
graph_3_2_nodes_33_139,0
graph_2_1_nodes_16_155,0
graph_1_1_nodes_138_185,0
graph_1_5_nodes_9_25,0
graph_2_5_nodes_11_123,0
graph_3_4_nodes_61_62,0
graph_2_2_nodes_125_184,0
graph_2_1_nodes_147_196,1
graph_3_4_nodes_0_155,0
graph_2_2_nodes_9_99,0
graph_2_5_nodes_75_143,0
graph_4_5_nodes_79_144,0
graph_4_1_nodes_26_137,0
graph_3_2_nodes_16_188,0
graph_4_4_nodes_35_58,1
graph_2_1_nodes_20_70,0
graph_4_4_nodes_9_116,0
graph_4_2_nodes_128_137,0
graph_3_4_nodes_122_144,0
graph_2_1_nodes_169_174,1
graph_2_2_nodes_53_103,0
graph_1_5_nodes_41_97,0
graph_3_5_nodes_149_175,0
graph_4_1_nodes_78_144,0
graph_3_1_nodes_94_115,0
graph_3_2_nodes_12_149,0
graph_1_1_nodes_77_169,0
graph_2_3_nodes_22_71,0
graph_1_5_nodes_132_157,1
graph_4_1_nodes_136_182,0
graph_3_1_nodes_156_167,1
graph_4_5_nodes_90_197,0
graph_2_5_nodes_119_174,0
graph_2_5_nodes_8_113,0
graph_2_5_nodes_14_125,0
graph_2_3_nodes_148_194,0
graph_3_1_nodes_127_171,0
graph_1_1_nodes_103_128,0
graph_3_5_nodes_9_189,0
graph_1_4_nodes_94_136,0
graph_1_2_nodes_148_149,0
graph_3_1_nodes_58_141,1
graph_2_4_nodes_83_126,0
graph_3_3_nodes_71_94,0
graph_3_2_nodes_99_165,0
graph_3_4_nodes_93_159,0
graph_2_2_nodes_170_189,0
graph_1_4_nodes_101_142,1
graph_4_5_nodes_53_55,0
graph_3_1_nodes_14_30,0
graph_1_1_nodes_90_104,0
graph_3_2_nodes_24_88,0
graph_4_4_nodes_5_168,0
graph_2_4_nodes_76_190,0
graph_1_5_nodes_79_136,1
graph_3_5_nodes_27_38,0
graph_2_1_nodes_2_117,1
graph_1_2_nodes_47_128,0
graph_4_4_nodes_26_195,0
graph_3_3_nodes_66_181,0
graph_4_5_nodes_131_138,0
graph_3_3_nodes_82_147,0
graph_3_1_nodes_138_179,0
graph_4_1_nodes_50_167,0
graph_4_3_nodes_43_45,0
graph_2_2_nodes_131_199,0
graph_3_2_nodes_24_113,0
graph_1_2_nodes_151_164,0
graph_2_4_nodes_0_163,0
graph_3_2_nodes_106_166,0
graph_2_4_nodes_49_101,0
graph_2_1_nodes_55_137,0
graph_1_5_nodes_140_151,0
graph_1_1_nodes_41_59,0
graph_2_5_nodes_137_189,0
graph_2_1_nodes_156_178,0
graph_2_2_nodes_87_124,0
graph_4_2_nodes_27_63,0
graph_1_3_nodes_66_164,0
graph_2_2_nodes_95_137,0
graph_2_2_nodes_79_199,0
graph_1_2_nodes_177_199,0
graph_2_5_nodes_61_154,1
graph_2_1_nodes_61_150,0
graph_3_1_nodes_27_154,1
graph_1_5_nodes_165_183,0
graph_3_5_nodes_17_51,0
graph_1_4_nodes_65_164,0
graph_1_2_nodes_116_160,0
graph_4_2_nodes_3_42,0
graph_1_1_nodes_128_165,0
graph_3_3_nodes_110_143,0
graph_3_5_nodes_30_135,0
graph_3_4_nodes_24_109,0
graph_3_5_nodes_130_199,0
graph_3_4_nodes_77_162,0
graph_3_3_nodes_21_113,0
graph_3_3_nodes_1_166,0
graph_1_1_nodes_53_155,0
graph_4_5_nodes_45_139,0
graph_1_5_nodes_73_150,0
graph_4_4_nodes_95_173,0
graph_1_1_nodes_72_196,0
graph_3_4_nodes_12_172,1
graph_1_2_nodes_131_133,0
graph_3_3_nodes_5_141,0
graph_1_1_nodes_39_164,0
graph_2_5_nodes_8_159,0
graph_2_2_nodes_31_168,0
graph_2_2_nodes_4_160,0
graph_1_4_nodes_58_176,0
graph_4_5_nodes_26_33,0
graph_2_4_nodes_2_58,0
graph_3_1_nodes_33_186,0
graph_4_1_nodes_5_10,0
graph_4_2_nodes_149_163,0
graph_2_3_nodes_125_197,0
graph_2_4_nodes_9_114,0
graph_2_3_nodes_61_129,0
graph_3_5_nodes_52_194,0
graph_2_2_nodes_60_152,1
graph_2_1_nodes_151_171,0
graph_2_1_nodes_84_104,0
graph_4_4_nodes_76_149,1
graph_1_1_nodes_26_106,0
graph_4_5_nodes_174_193,1
graph_4_2_nodes_70_183,0
graph_2_3_nodes_78_113,0
graph_2_1_nodes_32_137,0
graph_1_1_nodes_43_113,0
graph_2_2_nodes_11_22,0
graph_3_1_nodes_87_167,1
graph_3_5_nodes_142_199,0
graph_1_5_nodes_84_108,0
graph_4_4_nodes_70_157,0
graph_2_2_nodes_58_69,0
graph_1_3_nodes_53_59,0
graph_1_3_nodes_52_85,0
graph_2_5_nodes_43_196,0
graph_4_4_nodes_36_93,0
graph_2_5_nodes_56_165,0
graph_3_1_nodes_95_99,0
graph_4_4_nodes_71_123,0
graph_4_2_nodes_80_150,0
graph_4_5_nodes_86_135,0
graph_2_4_nodes_117_165,0
graph_1_4_nodes_90_154,0
graph_1_3_nodes_71_141,0
graph_2_1_nodes_16_108,0
graph_2_1_nodes_99_159,1
graph_1_4_nodes_154_174,0
graph_1_1_nodes_66_146,0
graph_3_1_nodes_28_33,0
graph_4_3_nodes_0_110,0
graph_2_1_nodes_105_163,0
graph_2_4_nodes_154_186,1
graph_3_1_nodes_18_153,0
graph_1_3_nodes_53_171,0
graph_1_4_nodes_68_80,0
graph_4_3_nodes_104_106,0
graph_4_1_nodes_105_124,0
graph_1_1_nodes_91_187,0
graph_4_1_nodes_27_156,0
graph_2_5_nodes_81_105,0
graph_3_2_nodes_175_195,1
graph_4_5_nodes_29_94,0
graph_2_5_nodes_33_195,0
graph_4_4_nodes_84_189,0
graph_2_5_nodes_81_97,0
graph_3_2_nodes_103_117,1
graph_2_2_nodes_68_128,0
graph_2_1_nodes_1_8,0
graph_1_1_nodes_72_99,0
graph_1_4_nodes_105_170,0
graph_1_3_nodes_130_190,0
graph_4_2_nodes_46_110,0
graph_2_5_nodes_99_162,0
graph_2_4_nodes_72_160,1
graph_2_2_nodes_120_198,0
graph_3_3_nodes_1_15,0
graph_3_4_nodes_11_165,1
graph_4_1_nodes_145_150,0
graph_4_3_nodes_38_74,0
graph_1_4_nodes_158_170,0
graph_2_1_nodes_144_153,0
graph_3_5_nodes_40_182,0
graph_2_2_nodes_48_170,1
graph_4_4_nodes_46_172,0
graph_2_2_nodes_13_153,0
graph_1_1_nodes_127_155,0
graph_2_2_nodes_166_180,0
graph_3_1_nodes_137_180,0
graph_1_4_nodes_28_152,0
graph_4_4_nodes_26_27,1
graph_1_4_nodes_172_187,0
graph_1_4_nodes_47_81,0
graph_2_3_nodes_100_141,0
graph_2_1_nodes_132_187,1
graph_3_2_nodes_101_156,0
graph_1_2_nodes_118_149,0
graph_4_2_nodes_168_186,0
graph_4_4_nodes_35_88,0
graph_2_4_nodes_66_177,0
graph_3_4_nodes_62_160,0
graph_3_2_nodes_56_157,0
graph_1_4_nodes_61_154,0
graph_3_2_nodes_71_131,1
graph_4_5_nodes_125_180,0
graph_4_1_nodes_62_67,0
graph_4_2_nodes_36_93,0
graph_3_5_nodes_100_114,0
graph_1_1_nodes_10_72,0
graph_4_4_nodes_39_97,0
graph_1_3_nodes_59_194,0
graph_3_4_nodes_161_183,0
graph_2_1_nodes_67_97,1
graph_4_2_nodes_36_186,0
graph_4_2_nodes_102_176,0
graph_3_4_nodes_47_111,0
graph_3_2_nodes_178_197,0
graph_3_5_nodes_76_195,0
graph_4_2_nodes_34_105,0
graph_1_2_nodes_176_185,0
graph_4_1_nodes_33_145,0
graph_4_2_nodes_42_134,0
graph_4_1_nodes_7_95,0
graph_3_2_nodes_80_144,0
graph_4_1_nodes_18_42,0
graph_3_2_nodes_47_102,0
graph_3_1_nodes_2_119,0
graph_2_2_nodes_88_97,0
graph_4_3_nodes_75_187,0
graph_1_5_nodes_37_124,0
graph_1_2_nodes_5_124,0
graph_2_2_nodes_110_118,0
graph_4_3_nodes_49_158,0
graph_4_3_nodes_3_64,0
graph_3_2_nodes_30_188,0
graph_3_4_nodes_102_117,0
graph_4_3_nodes_115_196,1
graph_2_5_nodes_22_131,1
graph_1_2_nodes_83_171,0
graph_3_4_nodes_11_92,0
graph_4_5_nodes_15_195,0
graph_2_2_nodes_49_143,0
graph_2_2_nodes_144_173,0
graph_3_3_nodes_105_172,0
graph_3_1_nodes_96_104,0
graph_3_2_nodes_125_199,0
graph_3_4_nodes_35_56,0
graph_3_5_nodes_41_107,0
graph_2_3_nodes_39_189,1
graph_4_2_nodes_162_191,0
graph_2_2_nodes_49_116,0
graph_4_5_nodes_28_50,0
graph_4_1_nodes_135_172,0
graph_2_1_nodes_48_149,0
graph_1_4_nodes_63_143,0
graph_3_5_nodes_104_114,0
graph_1_2_nodes_46_198,0
graph_3_3_nodes_30_94,0
graph_2_3_nodes_117_193,1
graph_4_1_nodes_6_185,0
graph_1_2_nodes_98_173,0
graph_1_2_nodes_30_46,0
graph_4_1_nodes_110_157,0
graph_2_1_nodes_26_89,0
graph_2_2_nodes_114_164,0
graph_2_1_nodes_28_158,0
graph_2_5_nodes_181_190,0
graph_1_1_nodes_59_128,0
graph_2_1_nodes_67_124,0
graph_2_4_nodes_133_152,0
graph_4_5_nodes_21_176,0
graph_4_5_nodes_78_180,0
graph_2_5_nodes_65_69,0
graph_4_3_nodes_92_121,0
graph_1_5_nodes_143_159,0
graph_2_1_nodes_20_127,0
graph_3_2_nodes_38_59,1
graph_4_4_nodes_24_114,1
graph_2_2_nodes_41_157,0
graph_2_2_nodes_85_156,1
graph_3_4_nodes_145_176,0
graph_1_1_nodes_35_65,0
graph_2_3_nodes_5_113,0
graph_2_1_nodes_46_70,0
graph_3_3_nodes_3_110,0
graph_1_2_nodes_23_199,0
graph_1_4_nodes_7_162,1
graph_4_5_nodes_27_84,0
graph_1_3_nodes_143_177,0
graph_2_4_nodes_58_141,0
graph_1_3_nodes_73_111,0
graph_2_3_nodes_12_137,0
graph_4_2_nodes_105_118,0
graph_2_5_nodes_104_115,1
graph_1_5_nodes_12_114,0
graph_4_2_nodes_19_159,0
graph_3_1_nodes_1_186,1
graph_4_1_nodes_70_134,0
graph_1_3_nodes_108_151,1
graph_4_5_nodes_91_115,0
graph_3_3_nodes_86_125,0
graph_1_2_nodes_45_154,0
graph_3_3_nodes_123_129,0
graph_4_4_nodes_78_167,1
graph_4_5_nodes_45_158,1
graph_3_2_nodes_108_161,1
graph_1_1_nodes_13_30,0
graph_3_2_nodes_2_139,0
graph_3_1_nodes_149_181,0
graph_1_3_nodes_8_73,0
graph_2_1_nodes_16_152,0
graph_1_3_nodes_85_117,0
graph_3_2_nodes_105_158,0
graph_1_3_nodes_49_171,1
graph_4_1_nodes_98_161,0
graph_3_5_nodes_82_144,0
graph_1_1_nodes_6_156,0
graph_2_2_nodes_167_189,0
graph_3_4_nodes_22_103,0
graph_2_5_nodes_73_171,1
graph_3_2_nodes_178_190,0
graph_1_3_nodes_52_187,0
graph_1_3_nodes_74_115,1
graph_3_4_nodes_65_184,1
graph_4_4_nodes_52_151,0
graph_2_4_nodes_150_153,0
graph_2_5_nodes_30_170,0
graph_2_1_nodes_54_120,0
graph_4_3_nodes_7_94,0
graph_2_1_nodes_30_36,0
graph_2_2_nodes_129_166,0
graph_1_1_nodes_150_197,0
graph_4_5_nodes_83_101,0
graph_1_1_nodes_94_178,0
graph_1_4_nodes_78_175,1
graph_2_3_nodes_65_100,0
graph_2_1_nodes_144_155,0
graph_3_2_nodes_18_188,1
graph_1_4_nodes_107_149,0
graph_1_3_nodes_70_104,0
graph_1_2_nodes_25_41,0
graph_4_2_nodes_72_107,0
graph_4_5_nodes_58_87,0
graph_2_5_nodes_28_76,0
graph_3_1_nodes_72_166,1
graph_3_1_nodes_85_196,0
graph_1_4_nodes_89_159,0
graph_4_1_nodes_14_117,0
graph_3_5_nodes_76_138,0
graph_3_3_nodes_134_136,0
graph_2_1_nodes_48_192,1
graph_2_4_nodes_49_169,0
graph_4_4_nodes_0_126,0
graph_1_4_nodes_36_93,0
graph_2_5_nodes_143_164,0
graph_3_3_nodes_46_91,0
graph_3_1_nodes_16_114,0
graph_2_4_nodes_22_180,0
graph_4_5_nodes_20_134,0
graph_4_1_nodes_96_120,0
graph_2_3_nodes_129_130,1
graph_4_2_nodes_81_182,0
graph_4_5_nodes_70_104,0
graph_3_5_nodes_27_93,0
graph_4_3_nodes_116_172,0
graph_2_5_nodes_31_132,0
graph_4_3_nodes_141_192,0
graph_2_3_nodes_44_137,0
graph_4_3_nodes_61_135,0
graph_3_2_nodes_75_167,0
graph_4_3_nodes_16_34,0
graph_3_3_nodes_112_158,0
graph_2_1_nodes_57_137,0
graph_1_2_nodes_89_157,0
graph_2_4_nodes_1_191,0
graph_4_3_nodes_71_190,0
graph_3_3_nodes_95_99,0
graph_2_5_nodes_79_195,0
graph_2_1_nodes_56_60,0
graph_4_2_nodes_33_56,0
graph_2_3_nodes_19_88,0
graph_4_4_nodes_56_183,0
graph_3_2_nodes_42_88,0
graph_4_3_nodes_145_183,0
graph_4_3_nodes_118_166,0
graph_2_5_nodes_188_195,0
graph_4_5_nodes_12_114,0
graph_3_3_nodes_46_104,0
graph_3_2_nodes_56_167,0
graph_1_5_nodes_111_136,0
graph_3_3_nodes_135_175,0
graph_4_4_nodes_42_179,0
graph_2_5_nodes_22_134,0
graph_2_5_nodes_67_88,1
graph_1_3_nodes_67_172,0
graph_1_5_nodes_75_128,0
graph_4_3_nodes_3_190,0
graph_1_5_nodes_123_149,0
graph_4_5_nodes_30_141,0
graph_1_4_nodes_59_82,0
graph_3_5_nodes_90_171,1
graph_1_3_nodes_21_54,0
graph_3_1_nodes_101_182,0
graph_2_5_nodes_95_165,0
graph_3_1_nodes_16_44,0
graph_3_4_nodes_26_130,0
graph_1_3_nodes_14_191,0
graph_4_4_nodes_27_197,0
graph_1_5_nodes_25_37,0
graph_4_4_nodes_81_192,0
graph_2_1_nodes_76_198,0
graph_1_4_nodes_164_179,0
graph_4_5_nodes_92_100,0
graph_4_1_nodes_28_167,0
graph_1_4_nodes_153_194,0
graph_1_3_nodes_91_106,0
graph_4_3_nodes_26_42,0
graph_2_5_nodes_52_79,0
graph_3_4_nodes_2_11,0
graph_1_4_nodes_147_172,0
graph_3_5_nodes_32_42,0
graph_3_2_nodes_3_183,0
graph_3_4_nodes_46_111,0
graph_2_4_nodes_39_195,0
graph_3_4_nodes_66_115,0
graph_3_5_nodes_39_109,0
graph_1_4_nodes_130_170,0
graph_3_1_nodes_27_86,0
graph_4_2_nodes_11_66,0
graph_1_1_nodes_130_199,0
graph_2_5_nodes_139_141,0
graph_1_1_nodes_137_159,0
graph_1_1_nodes_28_45,0
graph_3_1_nodes_0_130,0
graph_3_4_nodes_12_55,1
graph_3_5_nodes_154_159,0
graph_4_2_nodes_83_150,0
graph_1_3_nodes_61_181,0
graph_3_1_nodes_164_190,0
graph_1_2_nodes_38_94,1
graph_4_5_nodes_70_113,0
graph_4_4_nodes_8_155,0
graph_2_2_nodes_45_82,0
graph_2_2_nodes_48_165,1
graph_2_3_nodes_25_81,0
graph_3_1_nodes_22_144,0
graph_1_2_nodes_137_164,0
graph_3_2_nodes_40_78,1
graph_4_4_nodes_37_100,0
graph_1_5_nodes_31_103,0
graph_3_4_nodes_59_171,0
graph_2_1_nodes_66_79,0
graph_2_3_nodes_33_123,0
graph_3_1_nodes_43_168,0
graph_1_4_nodes_87_151,0
graph_2_2_nodes_64_181,1
graph_2_5_nodes_126_130,0
graph_3_4_nodes_188_192,0
graph_1_4_nodes_139_148,0
graph_3_3_nodes_17_94,0
graph_1_5_nodes_96_118,0
graph_4_3_nodes_65_72,0
graph_3_2_nodes_72_89,0
graph_3_2_nodes_2_166,0
graph_3_3_nodes_136_156,0
graph_1_1_nodes_115_167,0
graph_1_4_nodes_100_120,0
graph_4_4_nodes_8_72,0
graph_3_4_nodes_56_121,0
graph_2_2_nodes_185_195,0
graph_3_5_nodes_92_103,0
graph_1_4_nodes_31_176,0
graph_1_4_nodes_70_154,0
graph_3_5_nodes_72_132,0
graph_2_3_nodes_50_160,1
graph_4_5_nodes_73_187,0
graph_1_2_nodes_36_118,0
graph_1_2_nodes_54_191,0
graph_4_1_nodes_97_137,0
graph_3_5_nodes_24_132,0
graph_2_3_nodes_50_55,0
graph_4_2_nodes_58_105,0
graph_2_4_nodes_72_145,0
graph_2_5_nodes_81_192,0
graph_4_3_nodes_8_34,0
graph_1_4_nodes_122_131,0
graph_2_1_nodes_141_187,0
graph_2_2_nodes_175_184,1
graph_1_4_nodes_157_192,0
graph_4_1_nodes_14_28,0
graph_4_2_nodes_165_189,0
graph_2_2_nodes_108_158,0
graph_1_2_nodes_132_161,1
graph_3_2_nodes_76_144,0
graph_4_2_nodes_53_104,0
graph_2_5_nodes_167_199,1
graph_3_1_nodes_6_46,0
graph_3_5_nodes_101_191,0
graph_2_2_nodes_129_133,0
graph_3_1_nodes_84_105,0
graph_4_3_nodes_25_28,0
graph_3_4_nodes_27_86,0
graph_2_2_nodes_65_125,1
graph_3_5_nodes_28_124,0
graph_1_3_nodes_36_52,0
graph_1_1_nodes_132_140,0
graph_2_4_nodes_98_99,0
graph_3_4_nodes_39_46,0
graph_2_4_nodes_104_138,0
graph_1_3_nodes_8_181,0
graph_4_3_nodes_117_126,0
graph_1_4_nodes_21_171,1
graph_1_4_nodes_50_97,0
graph_3_2_nodes_112_135,1
graph_2_3_nodes_38_125,0
graph_1_1_nodes_110_116,0
graph_1_3_nodes_114_157,0
graph_2_5_nodes_22_26,0
graph_4_5_nodes_27_73,0
graph_2_2_nodes_132_137,0
graph_3_5_nodes_20_194,0
graph_3_3_nodes_91_142,0
graph_1_3_nodes_23_178,0
graph_1_1_nodes_3_179,1
graph_4_5_nodes_62_118,0
graph_4_2_nodes_41_58,0
graph_2_2_nodes_128_163,1
graph_1_1_nodes_16_156,0
graph_2_2_nodes_156_181,0
graph_1_1_nodes_100_111,0
graph_4_3_nodes_133_195,0
graph_4_2_nodes_65_86,0
graph_2_1_nodes_8_165,0
graph_3_1_nodes_13_198,0
graph_3_4_nodes_19_22,1
graph_3_5_nodes_133_193,0
graph_3_5_nodes_102_150,0
graph_1_3_nodes_28_167,0
graph_3_1_nodes_2_118,0
graph_1_4_nodes_57_98,0
graph_3_1_nodes_91_164,0
graph_3_1_nodes_42_161,0
graph_4_5_nodes_23_112,0
graph_2_1_nodes_0_43,0
graph_1_1_nodes_47_159,0
graph_4_5_nodes_126_137,0
graph_4_5_nodes_38_106,0
graph_4_2_nodes_6_37,0
graph_1_1_nodes_9_198,0
graph_4_1_nodes_29_39,0
graph_2_4_nodes_48_85,0
graph_1_4_nodes_31_146,0
graph_1_4_nodes_13_181,0
graph_2_1_nodes_131_164,0
graph_2_4_nodes_54_170,0
graph_1_1_nodes_130_194,0
graph_4_5_nodes_4_168,0
graph_2_1_nodes_23_65,0
graph_3_3_nodes_98_139,0
graph_2_3_nodes_77_118,0
graph_4_2_nodes_37_43,0
graph_4_4_nodes_1_170,0
graph_2_4_nodes_19_188,0
graph_3_4_nodes_2_111,0
graph_2_1_nodes_100_191,0
graph_4_3_nodes_85_131,0
graph_3_2_nodes_32_199,0
graph_4_1_nodes_114_184,0
graph_2_5_nodes_3_163,0
graph_4_3_nodes_40_120,0
graph_4_1_nodes_53_124,0
graph_4_1_nodes_29_159,0
graph_2_3_nodes_70_125,0
graph_1_4_nodes_62_133,0
graph_3_2_nodes_63_168,0
graph_3_5_nodes_82_122,0
graph_3_5_nodes_106_107,0
graph_2_3_nodes_31_72,0
graph_4_5_nodes_80_90,1
graph_2_1_nodes_154_179,0
graph_2_4_nodes_31_116,0
graph_4_2_nodes_124_169,0
graph_1_3_nodes_134_139,1
graph_1_5_nodes_37_140,0
graph_4_3_nodes_86_89,0
graph_3_2_nodes_13_30,0
graph_1_4_nodes_162_174,0
graph_3_2_nodes_85_98,1
graph_1_1_nodes_22_193,0
graph_1_1_nodes_72_90,0
graph_1_4_nodes_73_124,0
graph_1_2_nodes_80_155,0
graph_1_4_nodes_54_196,0
graph_4_2_nodes_68_102,0
graph_3_3_nodes_52_69,0
graph_2_4_nodes_73_192,0
graph_3_2_nodes_135_194,0
graph_3_5_nodes_62_193,0
graph_4_5_nodes_80_116,0
graph_3_1_nodes_140_191,0
graph_4_1_nodes_15_186,0
graph_1_5_nodes_2_135,0
graph_4_4_nodes_53_83,1
graph_4_3_nodes_171_194,0
graph_4_3_nodes_110_183,0
graph_1_5_nodes_139_154,0
graph_3_5_nodes_28_168,0
graph_2_2_nodes_0_76,0
graph_4_1_nodes_48_176,0
graph_1_5_nodes_117_188,0
graph_2_1_nodes_115_172,0
graph_1_5_nodes_0_135,0
graph_4_2_nodes_69_79,0
graph_1_5_nodes_41_59,0
graph_3_3_nodes_22_96,0
graph_4_1_nodes_60_127,0
graph_2_3_nodes_54_76,0
graph_1_3_nodes_29_166,0
graph_4_3_nodes_23_55,0
graph_3_3_nodes_15_149,0
graph_2_2_nodes_62_196,0
graph_1_5_nodes_116_187,1
graph_4_2_nodes_6_62,0
graph_2_1_nodes_58_64,0
graph_2_1_nodes_56_118,0
graph_3_3_nodes_86_148,0
graph_3_1_nodes_47_92,0
graph_1_3_nodes_39_49,0
graph_4_3_nodes_4_182,0
graph_4_4_nodes_42_50,0
graph_3_3_nodes_37_176,1
graph_1_4_nodes_96_100,0
graph_3_3_nodes_40_80,0
graph_1_2_nodes_4_37,0
graph_2_1_nodes_11_139,0
graph_4_1_nodes_43_155,0
graph_4_5_nodes_108_147,0
graph_1_1_nodes_35_83,0
graph_4_4_nodes_128_150,0
graph_1_4_nodes_3_117,0
graph_3_5_nodes_3_48,0
graph_1_1_nodes_16_57,0
graph_4_2_nodes_18_116,0
graph_3_5_nodes_82_185,0
graph_1_3_nodes_59_109,1
graph_4_4_nodes_76_79,0
graph_4_2_nodes_39_57,0
graph_2_2_nodes_52_139,0
graph_2_1_nodes_107_155,0
graph_4_2_nodes_4_83,0
graph_2_4_nodes_12_53,0
graph_3_2_nodes_19_164,0
graph_4_1_nodes_140_186,0
graph_3_3_nodes_106_183,1
graph_2_5_nodes_66_193,0
graph_4_1_nodes_97_188,0
graph_1_5_nodes_24_87,0
graph_2_2_nodes_18_86,0
graph_1_3_nodes_46_183,0
graph_1_2_nodes_159_191,0
graph_1_4_nodes_114_122,0
graph_2_4_nodes_64_110,0
graph_4_1_nodes_63_120,0
graph_3_3_nodes_87_152,0
graph_4_3_nodes_92_94,0
graph_1_2_nodes_23_66,0
graph_4_1_nodes_0_64,0
graph_3_5_nodes_94_127,0
graph_1_1_nodes_47_128,0
graph_4_4_nodes_83_103,0
graph_4_4_nodes_72_124,0
graph_4_3_nodes_66_175,0
graph_1_1_nodes_52_198,0
graph_1_5_nodes_50_128,0
graph_4_2_nodes_63_64,1
graph_1_2_nodes_151_162,0
graph_4_3_nodes_156_169,0
graph_3_4_nodes_116_123,0
graph_1_5_nodes_10_166,0
graph_3_2_nodes_64_103,0
graph_2_1_nodes_21_157,0
graph_2_5_nodes_28_138,0
graph_3_1_nodes_175_180,0
graph_1_1_nodes_23_157,1
graph_1_2_nodes_62_197,0
graph_1_2_nodes_54_102,0
graph_1_2_nodes_17_199,0
graph_1_5_nodes_99_181,0
graph_1_3_nodes_98_181,0
graph_1_2_nodes_38_135,0
graph_4_5_nodes_129_159,0
graph_2_3_nodes_12_151,0
graph_4_3_nodes_14_55,0
graph_2_1_nodes_177_191,0
graph_4_1_nodes_38_86,0
graph_2_2_nodes_17_157,0
graph_2_2_nodes_80_187,0
graph_4_4_nodes_114_192,0
graph_2_1_nodes_26_93,0
graph_2_2_nodes_4_21,0
graph_3_4_nodes_77_127,0
graph_1_5_nodes_89_113,0
graph_1_3_nodes_3_181,0
graph_3_4_nodes_38_135,0
graph_3_2_nodes_47_124,0
graph_3_1_nodes_56_150,0
graph_3_3_nodes_130_191,0
graph_2_5_nodes_83_163,0
graph_1_1_nodes_73_93,0
graph_3_1_nodes_64_75,0
graph_4_2_nodes_66_119,0
graph_4_5_nodes_44_101,0
graph_3_1_nodes_85_183,1
graph_2_2_nodes_34_67,0
graph_1_3_nodes_48_117,0
graph_2_2_nodes_75_92,0
graph_1_3_nodes_40_47,0
graph_3_4_nodes_27_28,1
graph_3_3_nodes_16_141,0
graph_4_4_nodes_27_120,0
graph_1_3_nodes_45_87,0
graph_4_2_nodes_7_28,0
graph_3_2_nodes_69_170,0
graph_1_1_nodes_39_94,0
graph_1_5_nodes_57_175,1
graph_4_3_nodes_87_143,0
graph_4_3_nodes_129_152,0
graph_1_2_nodes_22_149,1
graph_2_3_nodes_127_137,0
graph_1_5_nodes_139_164,0
graph_2_4_nodes_3_176,0
graph_2_1_nodes_42_62,0
graph_2_2_nodes_15_169,0
graph_3_1_nodes_100_106,0
graph_4_1_nodes_93_127,0
graph_3_2_nodes_54_162,1
graph_4_5_nodes_36_120,0
graph_2_4_nodes_69_96,0
graph_4_4_nodes_95_164,0
graph_3_3_nodes_7_51,0
graph_3_2_nodes_140_199,0
graph_3_5_nodes_16_121,0
graph_4_4_nodes_98_140,0
graph_3_1_nodes_33_177,0
graph_3_3_nodes_40_115,0
graph_4_2_nodes_167_176,0
graph_4_5_nodes_127_195,0
graph_3_2_nodes_48_142,0
graph_1_1_nodes_140_164,0
graph_2_1_nodes_47_68,0
graph_2_1_nodes_18_68,0
graph_2_5_nodes_155_164,0
graph_3_3_nodes_71_133,0
graph_3_1_nodes_113_130,0
graph_1_1_nodes_71_100,0
graph_3_1_nodes_21_34,0
graph_1_4_nodes_89_119,0
graph_1_1_nodes_7_107,0
graph_4_2_nodes_151_154,1
graph_2_4_nodes_65_74,1
graph_3_4_nodes_39_59,1
graph_2_5_nodes_27_197,0
graph_4_2_nodes_46_102,0
graph_4_4_nodes_101_196,0
graph_3_2_nodes_50_140,0
graph_4_3_nodes_31_171,0
graph_3_4_nodes_20_147,0
graph_1_1_nodes_66_188,0
graph_4_1_nodes_62_147,1
graph_2_2_nodes_55_110,0
graph_3_1_nodes_0_58,0
graph_2_5_nodes_65_109,0
graph_4_4_nodes_31_148,0
graph_2_5_nodes_19_167,0
graph_1_1_nodes_22_36,0
graph_3_2_nodes_92_94,1
graph_3_2_nodes_8_98,0
graph_2_2_nodes_121_137,0
graph_3_5_nodes_103_125,0
graph_3_4_nodes_30_194,0
graph_1_1_nodes_84_118,0
graph_1_1_nodes_82_152,1
graph_1_4_nodes_15_45,0
graph_1_1_nodes_38_48,1
graph_2_5_nodes_149_178,0
graph_3_4_nodes_91_190,1
graph_1_1_nodes_24_116,0
graph_1_4_nodes_55_177,0
graph_1_2_nodes_5_176,0
graph_1_5_nodes_87_185,0
graph_4_5_nodes_95_153,0
graph_3_2_nodes_80_111,0
graph_4_4_nodes_63_107,0
graph_2_1_nodes_134_195,0
graph_1_4_nodes_144_178,0
graph_2_2_nodes_3_143,0
graph_1_5_nodes_25_177,0
graph_1_1_nodes_186_191,0
graph_3_5_nodes_33_141,0
graph_1_1_nodes_125_186,0
graph_4_5_nodes_159_188,0
graph_3_4_nodes_78_180,0
graph_3_2_nodes_83_102,0
graph_3_1_nodes_38_47,0
graph_1_3_nodes_38_79,0
graph_3_4_nodes_51_125,0
graph_1_2_nodes_26_186,1
graph_1_2_nodes_128_147,0
graph_4_2_nodes_88_90,0
graph_3_5_nodes_22_169,0
graph_1_3_nodes_42_169,0
graph_1_3_nodes_72_152,0
graph_4_2_nodes_4_51,0
graph_4_4_nodes_44_152,1
graph_4_3_nodes_85_154,0
graph_4_1_nodes_30_85,1
graph_3_4_nodes_96_170,1
graph_3_3_nodes_28_128,0
graph_1_4_nodes_29_132,0
graph_2_2_nodes_2_105,0
graph_3_4_nodes_3_185,0
graph_4_2_nodes_123_165,0
graph_3_2_nodes_24_106,0
graph_4_3_nodes_91_120,0
graph_4_3_nodes_36_153,0
graph_4_3_nodes_41_188,0
graph_2_2_nodes_50_104,0
graph_2_5_nodes_4_66,0
graph_3_4_nodes_12_50,0
graph_4_1_nodes_39_84,1
graph_4_5_nodes_88_192,0
graph_2_2_nodes_118_171,0
graph_1_2_nodes_41_165,0
graph_1_2_nodes_2_144,0
graph_2_4_nodes_39_91,0
graph_1_3_nodes_38_179,0
graph_2_2_nodes_98_137,0
graph_4_3_nodes_11_147,0
graph_2_3_nodes_4_170,0
graph_3_3_nodes_174_189,0
graph_4_1_nodes_62_135,0
graph_1_1_nodes_3_61,0
graph_2_2_nodes_69_186,0
graph_1_4_nodes_53_89,0
graph_4_4_nodes_5_16,1
graph_4_3_nodes_114_143,1
graph_2_3_nodes_11_139,0
graph_4_5_nodes_102_195,0
graph_1_5_nodes_1_161,0
graph_3_5_nodes_104_166,0
graph_3_4_nodes_7_147,0
graph_2_2_nodes_13_62,0
graph_1_1_nodes_160_166,0
graph_3_4_nodes_30_192,0
graph_4_5_nodes_9_105,0
graph_4_5_nodes_7_30,0
graph_4_2_nodes_50_60,0
graph_4_4_nodes_102_137,0
graph_3_5_nodes_109_174,0
graph_4_4_nodes_68_73,0
graph_1_3_nodes_70_85,0
graph_1_4_nodes_24_196,0
graph_1_4_nodes_23_172,0
graph_2_5_nodes_95_197,0
graph_4_4_nodes_8_16,0
graph_2_4_nodes_53_195,0
graph_2_4_nodes_104_155,0
graph_2_4_nodes_34_36,0
graph_4_2_nodes_16_27,0
graph_3_4_nodes_10_109,0
graph_3_1_nodes_88_138,0
graph_4_4_nodes_80_190,0
graph_4_1_nodes_76_109,0
graph_4_1_nodes_24_36,0
graph_1_2_nodes_54_62,0
graph_3_2_nodes_47_137,0
graph_4_1_nodes_52_196,0
graph_1_3_nodes_136_167,0
graph_2_2_nodes_104_169,1
graph_1_2_nodes_99_116,0
graph_2_3_nodes_25_55,0
graph_4_2_nodes_6_189,0
graph_4_5_nodes_13_169,0
graph_2_5_nodes_84_149,0
graph_4_2_nodes_13_199,0
graph_3_1_nodes_33_148,0
graph_2_4_nodes_10_174,0
graph_2_5_nodes_109_139,0
graph_2_4_nodes_101_106,0
graph_1_3_nodes_128_136,1
graph_4_2_nodes_151_186,0
graph_4_2_nodes_73_85,0
graph_2_2_nodes_63_69,1
graph_3_4_nodes_22_64,0
graph_4_2_nodes_5_93,1
graph_3_3_nodes_56_121,0
graph_4_3_nodes_76_150,0
graph_3_4_nodes_24_96,0
graph_2_1_nodes_52_130,1
graph_3_2_nodes_103_168,0
graph_2_5_nodes_86_101,0
graph_4_2_nodes_167_170,1
graph_2_4_nodes_27_111,0
graph_1_2_nodes_142_155,0
graph_3_3_nodes_113_145,0
graph_2_4_nodes_57_90,1
graph_4_2_nodes_0_154,0
graph_4_4_nodes_12_73,0
graph_4_1_nodes_0_81,1
graph_4_5_nodes_40_142,0
graph_1_1_nodes_123_144,0
graph_2_2_nodes_20_181,0
graph_3_1_nodes_22_34,1
graph_2_5_nodes_43_168,0
graph_3_2_nodes_165_191,0
graph_2_1_nodes_95_135,0
graph_2_2_nodes_26_76,0
graph_3_2_nodes_12_179,0
graph_1_1_nodes_62_195,0
graph_3_2_nodes_88_198,0
graph_2_4_nodes_22_63,0
graph_2_3_nodes_50_68,0
graph_3_5_nodes_46_150,0
graph_1_3_nodes_129_193,0
graph_4_2_nodes_135_194,0
graph_3_4_nodes_38_132,0
graph_1_5_nodes_50_132,0
graph_3_4_nodes_103_166,1
graph_4_2_nodes_22_35,0
graph_1_1_nodes_37_64,0
graph_1_5_nodes_22_172,0
graph_1_3_nodes_143_171,0
graph_4_5_nodes_102_119,0
graph_1_3_nodes_69_84,0
graph_3_5_nodes_49_151,1
graph_2_2_nodes_48_51,0
graph_3_2_nodes_142_170,0
graph_1_1_nodes_107_139,0
graph_4_5_nodes_76_83,0
graph_1_5_nodes_17_86,1
graph_2_1_nodes_18_75,0
graph_1_1_nodes_62_111,0
graph_2_5_nodes_79_159,0
graph_4_2_nodes_40_171,1
graph_4_3_nodes_87_159,1
graph_4_2_nodes_3_127,0
graph_2_2_nodes_133_151,0
graph_1_2_nodes_31_32,1
graph_3_5_nodes_185_188,0
graph_3_2_nodes_69_128,0
graph_4_2_nodes_59_102,0
graph_2_1_nodes_146_199,0
graph_3_3_nodes_29_191,0
graph_2_3_nodes_3_193,0
graph_2_1_nodes_114_117,0
graph_1_5_nodes_49_104,1
graph_2_5_nodes_77_139,0
graph_3_2_nodes_46_105,0
graph_3_1_nodes_14_27,1
graph_4_4_nodes_39_149,0
graph_3_2_nodes_13_26,1
graph_3_1_nodes_173_196,1
graph_2_2_nodes_91_171,0
graph_3_2_nodes_32_175,1
graph_4_2_nodes_133_170,0
graph_4_3_nodes_70_113,0
graph_1_1_nodes_6_163,1
graph_3_4_nodes_71_98,0
graph_3_5_nodes_106_166,0
graph_3_5_nodes_77_129,0
graph_3_4_nodes_113_193,0
graph_1_2_nodes_72_132,0
graph_2_4_nodes_92_142,0
graph_2_2_nodes_155_178,1
graph_2_2_nodes_47_140,1
graph_2_5_nodes_1_153,0
graph_4_5_nodes_152_170,0
graph_2_4_nodes_47_86,1
graph_1_5_nodes_153_160,0
graph_4_2_nodes_77_160,0
graph_1_1_nodes_76_146,0
graph_1_1_nodes_110_123,0
graph_3_1_nodes_20_160,1
graph_4_5_nodes_95_103,0
graph_1_5_nodes_16_197,0
graph_3_1_nodes_26_97,1
graph_3_1_nodes_134_142,0
graph_1_2_nodes_103_163,0
graph_4_2_nodes_4_46,0
graph_2_3_nodes_103_117,0
graph_1_1_nodes_134_192,0
graph_3_2_nodes_13_179,0
graph_2_2_nodes_85_152,0
graph_3_2_nodes_8_10,0
graph_2_4_nodes_94_110,0
graph_1_3_nodes_13_134,0
graph_1_3_nodes_89_169,0
graph_1_4_nodes_24_186,1
graph_1_5_nodes_59_188,0
graph_3_3_nodes_151_162,0
graph_1_5_nodes_28_188,0
graph_2_1_nodes_1_15,0
graph_1_2_nodes_14_94,0
graph_4_4_nodes_49_85,0
graph_4_4_nodes_34_159,0
graph_1_2_nodes_48_180,1
graph_1_1_nodes_89_97,0
graph_2_3_nodes_104_156,0
graph_1_2_nodes_61_96,0
graph_4_1_nodes_140_171,0
graph_2_1_nodes_26_62,0
graph_1_1_nodes_31_113,0
graph_1_2_nodes_136_147,0
graph_3_3_nodes_80_173,1
graph_4_3_nodes_34_86,0
graph_1_1_nodes_27_69,1
graph_3_2_nodes_57_72,0
graph_4_3_nodes_120_174,0
graph_1_2_nodes_74_165,0
graph_1_4_nodes_38_120,0
graph_2_5_nodes_46_73,0
graph_1_5_nodes_72_164,0
graph_1_3_nodes_59_163,0
graph_4_1_nodes_146_158,0
graph_4_2_nodes_77_191,0
graph_1_4_nodes_56_93,1
graph_4_5_nodes_1_157,0
graph_4_2_nodes_2_153,0
graph_3_5_nodes_45_187,0
graph_1_3_nodes_51_174,0
graph_3_5_nodes_14_31,0
graph_4_1_nodes_99_183,0
graph_1_1_nodes_39_99,0
graph_2_1_nodes_4_98,0
graph_4_3_nodes_124_196,0
graph_3_3_nodes_134_151,0
graph_2_2_nodes_87_138,0
graph_3_5_nodes_166_176,0
graph_2_1_nodes_21_158,0
graph_4_3_nodes_34_125,0
graph_1_5_nodes_99_101,0
graph_4_1_nodes_17_80,0
graph_3_1_nodes_39_118,0
graph_4_1_nodes_1_116,0
graph_4_1_nodes_46_64,0
graph_2_4_nodes_24_114,0
graph_4_5_nodes_180_191,0
graph_4_2_nodes_105_131,0
graph_2_1_nodes_41_176,0
graph_1_3_nodes_46_169,0
graph_3_1_nodes_3_177,0
graph_1_5_nodes_23_159,0
graph_2_4_nodes_29_180,0
graph_1_2_nodes_30_138,0
graph_1_4_nodes_120_183,0
graph_3_3_nodes_85_173,0
graph_2_4_nodes_147_159,0
graph_3_3_nodes_38_94,1
graph_3_1_nodes_5_116,0
graph_1_2_nodes_122_156,0
graph_3_4_nodes_71_72,0
graph_3_1_nodes_85_107,0
graph_3_2_nodes_69_132,0
graph_3_5_nodes_88_157,0
graph_4_1_nodes_82_187,0
graph_1_3_nodes_139_171,0
graph_3_1_nodes_15_83,0
graph_3_1_nodes_6_55,0
graph_3_3_nodes_18_186,0
graph_3_4_nodes_52_145,0
graph_1_4_nodes_60_199,1
graph_1_3_nodes_11_88,0
graph_2_2_nodes_126_179,0
graph_4_2_nodes_56_122,0
graph_1_5_nodes_127_147,0
graph_1_3_nodes_2_152,0
graph_2_4_nodes_11_83,0
graph_1_1_nodes_21_195,0
graph_3_2_nodes_188_195,0
graph_1_4_nodes_87_190,0
graph_4_3_nodes_24_198,0
graph_4_4_nodes_75_117,0
graph_3_1_nodes_41_101,0
graph_3_3_nodes_64_170,0
graph_4_4_nodes_38_137,1
graph_3_1_nodes_5_28,0
graph_4_4_nodes_32_91,0
graph_3_5_nodes_59_127,0
graph_1_4_nodes_78_110,0
graph_3_5_nodes_36_64,0
graph_2_4_nodes_132_140,0
graph_1_5_nodes_39_185,0
graph_4_1_nodes_48_154,0
graph_4_5_nodes_99_141,0
graph_2_2_nodes_37_126,1
graph_1_4_nodes_73_168,0
graph_3_1_nodes_77_140,0
graph_2_2_nodes_80_176,0
graph_2_1_nodes_58_152,0
graph_1_1_nodes_83_113,0
graph_1_5_nodes_84_109,0
graph_2_3_nodes_70_144,0
graph_1_2_nodes_160_173,0
graph_4_2_nodes_20_138,0
graph_2_4_nodes_168_183,0
graph_4_1_nodes_120_197,0
graph_4_4_nodes_163_171,0
graph_4_1_nodes_86_130,0
graph_2_3_nodes_12_95,0
graph_4_3_nodes_142_147,0
graph_2_2_nodes_110_199,0
graph_4_3_nodes_109_114,0
graph_3_5_nodes_79_103,0
graph_3_3_nodes_135_173,1
graph_2_1_nodes_161_178,0
graph_3_2_nodes_98_198,0
graph_1_1_nodes_137_180,0
graph_2_1_nodes_39_88,0
graph_3_3_nodes_18_91,0
graph_2_1_nodes_105_185,0
graph_4_2_nodes_44_137,0
graph_1_1_nodes_46_122,1
graph_2_1_nodes_91_115,0
graph_2_4_nodes_48_125,0
graph_3_1_nodes_44_123,0
graph_1_5_nodes_79_183,0
graph_2_1_nodes_39_191,0
graph_2_4_nodes_6_31,0
graph_1_5_nodes_38_89,1
graph_2_5_nodes_141_172,0
graph_4_2_nodes_95_105,0
graph_1_4_nodes_146_156,0
graph_1_5_nodes_85_128,0
graph_4_5_nodes_5_106,0
graph_3_5_nodes_103_143,0
graph_1_1_nodes_43_102,0
graph_4_4_nodes_0_121,0
graph_3_3_nodes_23_194,0
graph_3_3_nodes_53_140,0
graph_2_3_nodes_8_93,1
graph_1_4_nodes_76_196,0
graph_1_2_nodes_120_195,0
graph_2_4_nodes_41_196,0
graph_1_5_nodes_87_170,0
graph_2_5_nodes_7_199,0
graph_3_3_nodes_163_181,1
graph_4_5_nodes_170_194,0
graph_1_4_nodes_14_146,0
graph_3_4_nodes_123_197,0
graph_2_5_nodes_11_16,0
graph_3_1_nodes_92_164,0
graph_3_1_nodes_42_83,1
graph_1_4_nodes_69_86,0
graph_2_2_nodes_77_170,0
graph_4_5_nodes_75_117,0
graph_1_3_nodes_7_169,0
graph_2_5_nodes_3_5,0
graph_1_1_nodes_36_176,0
graph_2_5_nodes_48_115,0
graph_4_4_nodes_117_122,0
graph_2_4_nodes_94_156,0
graph_2_3_nodes_45_92,0
graph_2_5_nodes_118_196,0
graph_1_2_nodes_65_105,1
graph_4_5_nodes_27_111,1
graph_2_2_nodes_120_166,0
graph_1_3_nodes_52_172,1
graph_2_3_nodes_38_102,0
graph_2_2_nodes_16_126,0
graph_1_4_nodes_37_91,1
graph_4_3_nodes_63_153,1
graph_2_3_nodes_62_176,0
graph_4_5_nodes_72_139,0
graph_1_2_nodes_58_71,0
graph_1_5_nodes_162_163,0
graph_1_3_nodes_47_108,0
graph_2_3_nodes_55_77,0
graph_1_4_nodes_72_123,0
graph_4_3_nodes_59_65,0
graph_2_1_nodes_11_85,0
graph_1_1_nodes_65_169,0
graph_4_3_nodes_101_132,0
graph_3_1_nodes_164_166,0
graph_1_5_nodes_84_148,0
graph_4_4_nodes_6_177,0
graph_2_1_nodes_66_82,0
graph_4_4_nodes_17_184,0
graph_3_1_nodes_14_172,1
graph_4_4_nodes_13_71,0
graph_3_4_nodes_32_189,0
graph_2_2_nodes_88_107,0
graph_4_3_nodes_126_164,1
graph_4_1_nodes_94_96,0
graph_3_4_nodes_11_190,0
graph_4_4_nodes_24_127,0
graph_1_1_nodes_85_162,0
graph_3_3_nodes_57_166,0
graph_2_4_nodes_79_156,1
graph_2_3_nodes_108_145,0
graph_2_1_nodes_2_88,0
graph_1_2_nodes_6_25,0
graph_3_4_nodes_34_161,1
graph_2_3_nodes_123_192,0
graph_3_4_nodes_32_33,0
graph_1_5_nodes_59_89,1
graph_3_1_nodes_65_184,0
graph_2_4_nodes_137_190,0
graph_1_1_nodes_131_154,0
graph_4_1_nodes_146_157,0
graph_4_2_nodes_22_29,1
graph_4_1_nodes_69_198,0
graph_3_2_nodes_3_72,0
graph_4_2_nodes_39_110,0
graph_4_4_nodes_58_106,0
graph_4_4_nodes_0_136,0
graph_2_2_nodes_64_194,1
graph_1_4_nodes_120_186,0
graph_4_5_nodes_22_176,0
graph_3_2_nodes_51_81,0
graph_4_5_nodes_164_169,0
graph_1_1_nodes_122_139,0
graph_1_5_nodes_59_167,0
graph_2_2_nodes_77_141,0
graph_1_3_nodes_31_125,0
graph_2_4_nodes_56_103,0
graph_2_4_nodes_29_182,0
graph_4_1_nodes_22_79,0
graph_4_1_nodes_44_116,0
graph_4_1_nodes_112_170,0
graph_2_1_nodes_28_111,0
graph_2_5_nodes_7_40,1
graph_1_1_nodes_96_192,0
graph_2_1_nodes_33_95,0
graph_3_1_nodes_134_199,0
graph_1_2_nodes_23_51,0
graph_2_4_nodes_74_112,0
graph_2_3_nodes_114_163,0
graph_1_1_nodes_103_181,1
graph_4_5_nodes_45_132,0
graph_2_5_nodes_101_141,0
graph_3_2_nodes_68_173,0
graph_3_1_nodes_165_192,0
graph_3_2_nodes_92_183,0
graph_3_5_nodes_89_168,0
graph_2_4_nodes_19_89,0
graph_4_4_nodes_37_86,0
graph_3_2_nodes_152_153,0
graph_4_2_nodes_50_118,0
graph_1_5_nodes_34_100,1
graph_1_2_nodes_137_192,0
graph_3_2_nodes_49_179,0
graph_2_3_nodes_30_169,0
graph_3_5_nodes_29_138,1
graph_3_3_nodes_10_54,0
graph_4_2_nodes_69_151,1
graph_1_1_nodes_51_68,0
graph_4_5_nodes_43_87,0
graph_4_2_nodes_31_71,0
graph_1_3_nodes_21_58,0
graph_3_4_nodes_71_125,0
graph_2_2_nodes_110_115,0
graph_2_4_nodes_39_71,0
graph_4_1_nodes_4_159,0
graph_4_2_nodes_9_48,0
graph_1_3_nodes_174_185,0
graph_1_4_nodes_47_68,0
graph_4_4_nodes_67_193,0
graph_3_5_nodes_53_99,0
graph_2_1_nodes_150_195,0
graph_3_3_nodes_43_125,0
graph_4_5_nodes_84_117,0
graph_4_3_nodes_26_171,0
graph_3_1_nodes_92_112,0
graph_2_1_nodes_0_18,0
graph_3_2_nodes_19_180,0
graph_1_1_nodes_8_164,0
graph_4_4_nodes_15_35,0
graph_1_3_nodes_15_73,0
graph_2_3_nodes_48_64,0
graph_3_2_nodes_51_134,0
graph_1_4_nodes_14_55,0
graph_3_5_nodes_152_160,1
graph_4_2_nodes_28_104,0
graph_2_4_nodes_135_148,0
graph_2_2_nodes_52_163,0
graph_3_5_nodes_22_118,0
graph_1_4_nodes_28_101,1
graph_2_1_nodes_99_177,0
graph_1_2_nodes_121_195,0
graph_3_1_nodes_12_103,0
graph_2_3_nodes_0_133,0
graph_2_3_nodes_61_158,1
graph_2_2_nodes_44_121,1
graph_3_3_nodes_41_73,0
graph_4_3_nodes_116_127,0
graph_4_4_nodes_15_96,0
graph_4_5_nodes_121_153,0
graph_3_2_nodes_129_193,0
graph_4_3_nodes_113_193,0
graph_2_3_nodes_77_121,0
graph_1_5_nodes_115_151,0
graph_3_3_nodes_33_156,1
graph_1_3_nodes_82_128,0
graph_3_3_nodes_107_190,1
graph_1_1_nodes_30_178,0
graph_3_5_nodes_18_148,0
graph_4_2_nodes_17_85,1
graph_1_5_nodes_22_88,0
graph_1_5_nodes_62_199,0
graph_4_4_nodes_119_177,0
graph_2_2_nodes_52_181,0
graph_1_2_nodes_118_162,0
graph_3_4_nodes_118_149,0
graph_1_1_nodes_39_88,0
graph_4_5_nodes_68_83,1
graph_4_2_nodes_110_113,0
graph_4_5_nodes_58_67,0
graph_2_5_nodes_47_67,0
graph_4_4_nodes_32_65,0
graph_2_4_nodes_52_144,0
graph_2_5_nodes_54_89,0
graph_2_5_nodes_23_124,0
graph_2_4_nodes_50_154,0
graph_4_2_nodes_57_69,0
graph_3_1_nodes_14_106,0
graph_2_2_nodes_21_121,0
graph_4_1_nodes_82_161,0
graph_1_2_nodes_75_125,0
graph_3_5_nodes_115_149,1
graph_3_5_nodes_13_92,0
graph_3_3_nodes_4_24,0
graph_3_5_nodes_6_138,1
graph_1_4_nodes_8_172,0
graph_1_5_nodes_76_120,0
graph_3_1_nodes_35_186,0
graph_4_2_nodes_42_88,0
graph_2_5_nodes_23_73,0
graph_4_3_nodes_159_172,0
graph_3_3_nodes_114_190,0
graph_3_1_nodes_43_156,0
graph_3_2_nodes_14_52,0
graph_4_3_nodes_51_54,0
graph_3_4_nodes_129_132,0
graph_3_5_nodes_97_192,0
graph_2_2_nodes_69_184,0
graph_1_1_nodes_69_112,0
graph_2_5_nodes_126_153,1
graph_3_2_nodes_51_199,0
graph_1_3_nodes_154_185,0
graph_1_3_nodes_139_186,0
graph_2_1_nodes_91_150,0
graph_1_5_nodes_64_195,1
graph_4_3_nodes_48_187,0
graph_4_5_nodes_78_144,0
graph_2_4_nodes_72_184,0
graph_1_4_nodes_84_163,1
graph_2_3_nodes_6_177,0
graph_1_5_nodes_73_128,0
graph_3_5_nodes_128_191,0
graph_3_2_nodes_136_165,0
graph_4_5_nodes_61_157,0
graph_1_2_nodes_93_149,0
graph_1_1_nodes_37_78,0
graph_2_4_nodes_50_172,0
graph_4_5_nodes_131_190,0
graph_1_1_nodes_140_146,1
graph_2_4_nodes_38_146,0
graph_2_4_nodes_68_81,0
graph_2_3_nodes_115_176,0
graph_1_4_nodes_106_197,1
graph_3_5_nodes_17_199,0
graph_3_4_nodes_12_135,0
graph_3_4_nodes_140_149,0
graph_1_5_nodes_127_157,0
graph_3_3_nodes_124_190,0
graph_1_5_nodes_35_187,0
graph_2_4_nodes_92_182,1
graph_2_5_nodes_128_165,0
graph_2_4_nodes_110_177,0
graph_1_4_nodes_61_108,0
graph_3_5_nodes_18_113,0
graph_4_2_nodes_46_111,0
graph_1_5_nodes_44_166,0
graph_4_4_nodes_53_114,0
graph_4_3_nodes_0_102,0
graph_2_5_nodes_32_37,0
graph_1_1_nodes_5_87,0
graph_4_2_nodes_148_160,0
graph_1_1_nodes_62_107,0
graph_4_1_nodes_82_104,0
graph_4_1_nodes_52_55,0
graph_3_4_nodes_48_154,1
graph_4_1_nodes_21_132,0
graph_4_3_nodes_24_130,0
graph_1_3_nodes_54_150,0
graph_2_5_nodes_32_81,1
graph_3_1_nodes_9_116,0
graph_2_5_nodes_44_48,0
graph_4_4_nodes_9_137,0
graph_2_4_nodes_80_123,1
graph_3_5_nodes_56_174,0
graph_2_1_nodes_111_132,0
graph_3_1_nodes_36_80,0
graph_4_5_nodes_103_108,0
graph_4_2_nodes_43_137,0
graph_1_5_nodes_184_192,0
graph_3_5_nodes_19_51,0
graph_3_5_nodes_34_195,0
graph_4_3_nodes_75_150,0
graph_3_5_nodes_84_169,0
graph_4_3_nodes_36_119,0
graph_3_1_nodes_44_101,0
graph_1_1_nodes_96_193,0
graph_2_4_nodes_39_44,1
graph_4_2_nodes_70_96,0
graph_1_3_nodes_99_122,0
graph_1_2_nodes_87_182,0
graph_3_1_nodes_61_76,0
graph_1_1_nodes_72_103,0
graph_2_3_nodes_163_173,0
graph_3_4_nodes_54_65,0
graph_2_2_nodes_46_146,0
graph_2_5_nodes_164_187,0
graph_4_3_nodes_55_61,1
graph_3_5_nodes_72_116,0
graph_4_5_nodes_167_174,0
graph_1_2_nodes_45_138,1
graph_1_2_nodes_88_185,0
graph_3_2_nodes_21_105,0
graph_3_3_nodes_33_127,0
graph_2_1_nodes_36_146,0
graph_4_2_nodes_153_169,0
graph_3_2_nodes_95_178,0
graph_3_1_nodes_33_68,0
graph_4_5_nodes_116_191,0
graph_4_1_nodes_154_196,0
graph_1_5_nodes_25_65,0
graph_4_5_nodes_140_161,0
graph_4_5_nodes_27_159,0
graph_1_5_nodes_109_119,0
graph_3_3_nodes_40_178,0
graph_1_2_nodes_105_195,0
graph_2_2_nodes_70_124,0
graph_3_4_nodes_147_152,0
graph_3_5_nodes_97_189,0
graph_4_4_nodes_134_172,0
graph_4_2_nodes_69_144,0
graph_3_3_nodes_145_182,0
graph_2_5_nodes_32_197,0
graph_1_4_nodes_17_91,1
graph_1_3_nodes_20_152,0
graph_2_2_nodes_0_190,0
graph_3_4_nodes_91_153,0
graph_1_4_nodes_77_174,0
graph_4_1_nodes_85_105,0
graph_1_1_nodes_158_176,0
graph_4_2_nodes_14_197,0
graph_2_4_nodes_61_193,1
graph_2_4_nodes_85_125,0
graph_1_3_nodes_162_177,0
graph_1_4_nodes_50_128,0
graph_2_4_nodes_109_146,0
graph_4_4_nodes_32_97,1
graph_1_5_nodes_38_99,0
graph_2_4_nodes_47_72,0
graph_3_3_nodes_158_182,0
graph_1_2_nodes_36_53,0
graph_4_1_nodes_1_133,0
graph_2_3_nodes_66_183,0
graph_1_4_nodes_125_131,1
graph_2_3_nodes_67_130,0
graph_3_2_nodes_53_159,0
graph_2_3_nodes_28_70,1
graph_4_5_nodes_106_164,0
graph_1_3_nodes_55_122,0
graph_4_1_nodes_142_153,0
graph_3_1_nodes_144_197,0
graph_2_1_nodes_79_178,0
graph_4_3_nodes_77_150,0
graph_1_1_nodes_143_166,0
graph_3_3_nodes_36_135,0
graph_2_3_nodes_58_182,0
graph_2_5_nodes_114_166,0
graph_4_4_nodes_14_97,0
graph_4_2_nodes_56_197,0
graph_3_1_nodes_25_160,0
graph_1_4_nodes_30_60,0
graph_3_4_nodes_28_185,0
graph_2_3_nodes_52_102,0
graph_2_2_nodes_11_168,0
graph_3_4_nodes_11_45,0
graph_4_3_nodes_24_194,0
graph_2_5_nodes_138_158,0
graph_4_3_nodes_118_154,0
graph_3_2_nodes_94_151,0
graph_1_5_nodes_5_118,0
graph_4_3_nodes_116_191,0
graph_3_1_nodes_90_197,0
graph_4_3_nodes_37_179,0
graph_4_2_nodes_123_195,0
graph_1_3_nodes_70_134,1
graph_1_5_nodes_196_199,0
graph_3_4_nodes_9_168,0
graph_4_1_nodes_23_112,0
graph_3_1_nodes_92_157,0
graph_4_4_nodes_107_190,0
graph_4_3_nodes_5_58,0
graph_3_3_nodes_179_182,0
graph_2_4_nodes_33_71,0
graph_2_3_nodes_183_189,0
graph_3_2_nodes_69_84,0
graph_4_4_nodes_14_193,0
graph_2_5_nodes_36_117,0
graph_3_5_nodes_81_98,0
graph_4_1_nodes_84_152,0
graph_1_1_nodes_64_123,0
graph_3_1_nodes_69_135,0
graph_3_2_nodes_26_91,0
graph_2_5_nodes_10_66,0
graph_3_2_nodes_31_72,0
graph_4_2_nodes_20_135,1
graph_4_4_nodes_11_82,0
graph_2_5_nodes_39_179,0
graph_4_1_nodes_135_157,0
graph_1_2_nodes_66_173,0
graph_1_4_nodes_63_116,0
graph_3_2_nodes_8_118,0
graph_3_4_nodes_101_123,1
graph_4_1_nodes_93_97,0
graph_2_1_nodes_50_157,0
graph_3_1_nodes_72_164,0
graph_2_3_nodes_40_195,0
graph_4_4_nodes_47_182,0
graph_3_2_nodes_27_72,1
graph_2_2_nodes_125_126,0
graph_4_2_nodes_157_192,1
graph_1_1_nodes_29_152,0
graph_4_3_nodes_90_111,1
graph_4_4_nodes_145_154,0
graph_3_2_nodes_84_154,0
graph_2_1_nodes_128_159,0
graph_2_3_nodes_30_119,0
graph_2_2_nodes_70_99,0
graph_1_4_nodes_20_41,0
graph_3_2_nodes_2_129,0
graph_4_2_nodes_26_67,0
graph_4_3_nodes_139_194,0
graph_2_2_nodes_92_190,0
graph_4_2_nodes_13_64,0
graph_1_5_nodes_26_76,0
graph_2_1_nodes_24_45,0
graph_1_5_nodes_17_135,0
graph_1_3_nodes_68_190,0
graph_2_2_nodes_11_55,0
graph_2_1_nodes_77_123,0
graph_2_1_nodes_35_140,0
graph_1_2_nodes_168_186,0
graph_2_1_nodes_97_126,0
graph_1_2_nodes_58_194,0
graph_2_1_nodes_77_178,0
graph_4_3_nodes_64_178,0
graph_4_1_nodes_70_152,0
graph_4_3_nodes_3_31,0
graph_3_1_nodes_37_57,0
graph_3_5_nodes_5_95,0
graph_3_5_nodes_5_57,0
graph_3_1_nodes_16_157,0
graph_3_1_nodes_131_140,0
graph_1_2_nodes_93_157,0
graph_3_3_nodes_101_132,0
graph_2_4_nodes_9_193,1
graph_4_1_nodes_18_150,1
graph_2_1_nodes_57_141,0
graph_3_5_nodes_119_124,0
graph_1_1_nodes_42_50,0
graph_4_4_nodes_2_171,1
graph_2_2_nodes_65_155,0
graph_4_3_nodes_113_132,0
graph_2_4_nodes_162_188,0
graph_4_1_nodes_71_143,0
graph_1_2_nodes_10_181,0
graph_1_4_nodes_0_118,0
graph_2_5_nodes_42_87,0
graph_3_3_nodes_124_199,0
graph_3_5_nodes_41_142,0
graph_3_3_nodes_135_157,0
graph_4_4_nodes_134_171,0
graph_3_4_nodes_12_17,0
graph_3_4_nodes_15_185,0
graph_2_4_nodes_173_198,0
graph_3_5_nodes_54_126,0
graph_4_1_nodes_59_145,0
graph_3_4_nodes_59_179,1
graph_1_4_nodes_72_113,0
graph_1_2_nodes_104_168,0
graph_4_5_nodes_105_152,0
graph_3_3_nodes_95_98,0
graph_3_5_nodes_94_149,0
graph_3_2_nodes_123_157,0
graph_2_5_nodes_116_133,0
graph_4_2_nodes_38_140,0
graph_2_4_nodes_15_176,0
graph_3_5_nodes_88_126,0
graph_3_1_nodes_58_173,0
graph_2_5_nodes_42_85,0
graph_1_4_nodes_104_164,0
graph_3_2_nodes_82_147,0
graph_1_2_nodes_85_137,0
graph_1_1_nodes_110_187,0
graph_3_5_nodes_134_191,0
graph_4_2_nodes_70_127,0
graph_3_1_nodes_93_158,0
graph_4_4_nodes_49_187,0
graph_3_3_nodes_9_136,0
graph_2_1_nodes_152_173,0
graph_2_2_nodes_118_165,0
graph_1_4_nodes_0_18,0
graph_4_5_nodes_44_67,0
graph_3_1_nodes_117_194,0
graph_2_5_nodes_124_175,0
graph_4_4_nodes_94_118,0
graph_3_2_nodes_128_143,0
graph_4_2_nodes_92_151,0
graph_2_2_nodes_88_134,1
graph_1_5_nodes_39_163,0
graph_1_4_nodes_93_121,0
graph_1_2_nodes_91_102,0
graph_2_3_nodes_53_151,0
graph_3_5_nodes_52_105,0
graph_1_5_nodes_17_145,0
graph_4_4_nodes_70_120,1
graph_2_3_nodes_150_161,1
graph_2_2_nodes_85_132,0
graph_3_4_nodes_4_79,0
graph_1_4_nodes_32_158,0
graph_1_2_nodes_64_99,0
graph_2_4_nodes_22_85,0
graph_1_4_nodes_16_23,0
graph_3_1_nodes_62_84,0
graph_4_5_nodes_48_106,0
graph_2_4_nodes_22_189,0
graph_2_3_nodes_0_140,0
graph_2_5_nodes_34_96,0
graph_3_4_nodes_126_197,0
graph_3_3_nodes_3_127,0
graph_1_3_nodes_91_173,0
graph_1_2_nodes_60_188,0
graph_1_5_nodes_159_182,1
graph_3_2_nodes_19_172,0
graph_2_3_nodes_103_142,0
graph_4_4_nodes_54_198,0
graph_4_4_nodes_81_102,0
graph_1_2_nodes_132_178,0
graph_2_3_nodes_92_140,0
graph_2_5_nodes_63_113,0
graph_4_3_nodes_102_153,0
graph_1_4_nodes_29_114,0
graph_4_2_nodes_153_164,0
graph_2_3_nodes_150_172,1
graph_3_3_nodes_158_197,0
graph_4_3_nodes_11_44,0
graph_3_1_nodes_176_194,0
graph_4_4_nodes_52_119,0
graph_4_5_nodes_16_154,1
graph_2_2_nodes_95_181,1
graph_1_4_nodes_182_197,0
graph_4_3_nodes_56_179,0
graph_2_5_nodes_61_87,0
graph_3_5_nodes_21_189,0
graph_4_1_nodes_23_59,0
graph_2_5_nodes_107_129,0
graph_1_2_nodes_52_141,0
graph_4_5_nodes_62_68,0
graph_1_1_nodes_5_142,0
graph_4_3_nodes_72_105,0
graph_2_1_nodes_72_166,0
graph_4_2_nodes_54_139,0
graph_3_4_nodes_39_124,0
graph_2_2_nodes_146_154,0
graph_2_4_nodes_118_170,0
graph_4_5_nodes_19_27,0
graph_4_2_nodes_7_39,1
graph_1_3_nodes_131_175,0
graph_4_5_nodes_20_120,0
graph_4_3_nodes_149_170,0
graph_2_1_nodes_56_196,0
graph_2_1_nodes_37_159,0
graph_2_2_nodes_158_159,0
graph_3_4_nodes_6_191,0
graph_3_3_nodes_96_113,1
graph_3_1_nodes_40_69,0
graph_3_3_nodes_109_114,0
graph_3_4_nodes_23_193,0
graph_1_1_nodes_67_101,0
graph_4_1_nodes_9_109,0
graph_2_2_nodes_110_193,1
graph_2_4_nodes_118_146,0
graph_2_2_nodes_7_119,0
graph_2_3_nodes_16_148,0
graph_4_1_nodes_98_126,0
graph_4_5_nodes_113_182,0
graph_2_1_nodes_1_169,0
graph_1_5_nodes_0_74,0
graph_1_4_nodes_37_145,0
graph_1_2_nodes_50_198,1
graph_1_1_nodes_83_96,0
graph_4_4_nodes_5_103,0
graph_3_2_nodes_149_152,0
graph_4_1_nodes_72_75,0
graph_4_1_nodes_46_199,0
graph_2_2_nodes_94_154,0
graph_4_2_nodes_27_34,0
graph_3_4_nodes_20_158,0
graph_3_3_nodes_13_170,0
graph_2_1_nodes_44_111,0
graph_2_5_nodes_30_147,0
graph_2_2_nodes_87_142,1
graph_2_3_nodes_51_186,0
graph_2_5_nodes_73_184,0
graph_3_5_nodes_32_145,0
graph_2_4_nodes_68_132,0
graph_2_4_nodes_20_75,0
graph_2_4_nodes_15_35,0
graph_4_1_nodes_62_148,0
graph_1_4_nodes_117_119,0
graph_4_3_nodes_129_179,0
graph_4_3_nodes_50_173,0
graph_2_2_nodes_18_188,0
graph_3_4_nodes_124_127,1
graph_1_4_nodes_35_142,1
graph_1_3_nodes_32_173,0
graph_1_4_nodes_171_183,0
graph_1_5_nodes_142_147,0
graph_2_5_nodes_13_183,0
graph_2_3_nodes_43_194,0
graph_1_5_nodes_84_185,0
graph_3_4_nodes_9_27,0
graph_4_2_nodes_62_112,1
graph_1_2_nodes_11_85,0
graph_3_4_nodes_69_111,0
graph_2_2_nodes_0_153,0
graph_4_1_nodes_41_194,0
graph_2_3_nodes_18_86,0
graph_2_4_nodes_46_63,0
graph_1_1_nodes_37_48,0
graph_3_2_nodes_175_199,0
graph_4_5_nodes_29_156,0
graph_1_2_nodes_44_144,0
graph_3_2_nodes_130_141,0
graph_2_4_nodes_111_161,0
graph_4_4_nodes_174_195,0
graph_3_3_nodes_28_67,0
graph_2_2_nodes_49_97,0
graph_2_5_nodes_35_119,0
graph_4_5_nodes_77_122,0
graph_3_3_nodes_19_102,0
graph_3_1_nodes_2_91,0
graph_4_3_nodes_12_66,0
graph_1_1_nodes_163_189,1
graph_1_2_nodes_98_110,0
graph_3_1_nodes_39_163,0
graph_4_3_nodes_30_140,0
graph_4_2_nodes_162_182,0
graph_1_1_nodes_74_88,0
graph_4_1_nodes_11_93,0
graph_2_5_nodes_171_187,0
graph_3_4_nodes_149_178,0
graph_2_2_nodes_9_172,0
graph_4_1_nodes_20_53,0
graph_2_2_nodes_34_108,0
graph_2_5_nodes_100_189,0
graph_2_2_nodes_158_175,0
graph_4_2_nodes_159_188,0
graph_1_2_nodes_13_48,0
graph_4_5_nodes_79_150,0
graph_3_4_nodes_97_156,0
graph_1_3_nodes_33_54,0
graph_4_4_nodes_48_117,1
graph_1_5_nodes_16_31,0
graph_1_3_nodes_3_56,1
graph_2_1_nodes_39_143,0
graph_4_2_nodes_125_147,1
graph_4_3_nodes_8_9,0
graph_3_4_nodes_41_91,0
graph_1_2_nodes_42_114,1
graph_4_5_nodes_29_108,0
graph_2_2_nodes_50_123,0
graph_3_4_nodes_115_157,0
graph_2_4_nodes_56_128,0
graph_4_3_nodes_28_81,0
graph_1_3_nodes_53_139,0
graph_4_1_nodes_5_118,0
graph_3_3_nodes_28_121,1
graph_3_5_nodes_64_181,0
graph_2_1_nodes_37_139,0
graph_3_3_nodes_76_144,0
graph_2_3_nodes_68_84,0
graph_4_1_nodes_43_182,0
graph_3_3_nodes_18_158,0
graph_3_5_nodes_23_106,0
graph_1_2_nodes_12_60,0
graph_2_4_nodes_25_89,0
graph_2_5_nodes_83_110,0
graph_3_1_nodes_49_99,0
graph_2_3_nodes_138_149,0
graph_3_2_nodes_83_125,0
graph_2_5_nodes_31_180,0
graph_3_3_nodes_158_189,1
graph_4_1_nodes_132_194,1
graph_1_1_nodes_75_198,0
graph_2_1_nodes_2_132,0
graph_3_4_nodes_63_65,0
graph_1_5_nodes_110_118,0
graph_4_5_nodes_20_52,0
graph_4_1_nodes_84_183,0
graph_2_3_nodes_35_78,0
graph_2_3_nodes_101_133,0
graph_1_1_nodes_55_124,0
graph_2_2_nodes_11_150,0
graph_3_1_nodes_6_86,0
graph_4_4_nodes_46_131,0
graph_3_4_nodes_172_175,0
graph_2_5_nodes_122_195,0
graph_3_2_nodes_39_192,0
graph_4_5_nodes_28_90,0
graph_2_5_nodes_175_185,0
graph_2_4_nodes_78_136,0
graph_2_1_nodes_144_150,0
graph_2_4_nodes_133_154,0
graph_1_4_nodes_14_17,0
graph_4_1_nodes_143_166,0
graph_1_3_nodes_79_144,0
graph_1_3_nodes_156_191,0
graph_3_1_nodes_186_197,0
graph_1_5_nodes_15_25,0
graph_1_5_nodes_6_189,0
graph_2_1_nodes_91_190,0
graph_4_4_nodes_46_63,0
graph_4_4_nodes_28_137,0
graph_4_1_nodes_43_124,0
graph_3_4_nodes_128_138,0
graph_2_2_nodes_33_164,0
graph_1_5_nodes_22_54,0
graph_4_2_nodes_143_185,0
graph_2_3_nodes_27_97,0
graph_2_3_nodes_147_190,0
graph_4_5_nodes_21_82,0
graph_2_4_nodes_52_128,0
graph_2_5_nodes_21_99,0
graph_4_2_nodes_143_183,0
graph_3_3_nodes_152_188,0
graph_2_5_nodes_92_156,0
graph_3_2_nodes_120_197,0
graph_3_1_nodes_11_118,1
graph_2_5_nodes_65_125,0
graph_2_2_nodes_68_164,0
graph_1_5_nodes_53_106,0
graph_1_1_nodes_19_81,0
graph_3_5_nodes_34_44,0
graph_4_3_nodes_121_174,1
graph_3_1_nodes_141_149,0
graph_3_3_nodes_3_98,0
graph_1_2_nodes_48_125,0
graph_2_5_nodes_95_120,0
graph_4_5_nodes_15_109,0
graph_4_4_nodes_20_41,0
graph_2_1_nodes_26_153,0
graph_2_5_nodes_31_76,0
graph_1_2_nodes_77_182,0
graph_4_5_nodes_28_108,0
graph_2_3_nodes_14_187,0
graph_2_4_nodes_43_194,0
graph_1_3_nodes_34_138,0
graph_3_1_nodes_194_197,0
graph_2_4_nodes_28_35,0
graph_4_2_nodes_76_194,0
graph_4_2_nodes_113_126,0
graph_3_5_nodes_3_69,0
graph_1_1_nodes_63_133,0
graph_1_2_nodes_74_91,0
graph_3_4_nodes_25_40,0
graph_1_4_nodes_18_61,0
graph_2_5_nodes_65_173,0
graph_2_5_nodes_20_194,0
graph_1_5_nodes_105_178,0
graph_4_2_nodes_32_185,1
graph_2_3_nodes_74_190,0
graph_2_4_nodes_37_49,0
graph_4_2_nodes_103_165,0
graph_3_4_nodes_40_168,0
graph_2_3_nodes_83_170,0
graph_2_2_nodes_39_194,0
graph_2_3_nodes_103_171,0
graph_2_3_nodes_45_144,0
graph_2_2_nodes_12_36,0
graph_1_3_nodes_129_186,0
graph_1_4_nodes_61_86,1
graph_4_1_nodes_75_181,0
graph_2_2_nodes_65_141,1
graph_1_4_nodes_144_166,0
graph_2_4_nodes_94_131,1
graph_1_5_nodes_111_183,0
graph_2_2_nodes_79_153,0
graph_3_1_nodes_29_187,0
graph_3_1_nodes_9_48,0
graph_1_1_nodes_72_180,0
graph_2_3_nodes_44_135,0
graph_1_4_nodes_22_29,0
graph_4_1_nodes_83_172,0
graph_1_1_nodes_53_67,0
graph_3_3_nodes_40_75,0
graph_3_1_nodes_1_90,1
graph_2_3_nodes_43_76,0
graph_2_5_nodes_36_55,0
graph_2_2_nodes_94_100,0
graph_4_2_nodes_26_153,0
graph_1_2_nodes_4_154,0
graph_1_3_nodes_44_125,0
graph_2_4_nodes_112_186,0
graph_3_4_nodes_77_89,0
graph_4_5_nodes_155_157,1
graph_3_1_nodes_63_128,1
graph_3_2_nodes_32_149,0
graph_4_1_nodes_104_183,1
graph_3_1_nodes_9_93,0
graph_4_3_nodes_69_126,0
graph_1_1_nodes_130_139,0
graph_3_3_nodes_70_136,0
graph_4_4_nodes_119_193,1
graph_3_5_nodes_83_187,0
graph_4_1_nodes_152_172,0
graph_1_3_nodes_125_149,0
graph_3_3_nodes_47_195,0
graph_2_2_nodes_13_171,0
graph_1_3_nodes_175_180,0
graph_1_2_nodes_5_187,0
graph_3_5_nodes_84_187,0
graph_1_4_nodes_117_184,0
graph_1_4_nodes_81_195,0
graph_4_5_nodes_116_185,0
graph_4_2_nodes_18_187,0
graph_3_5_nodes_121_181,0
graph_3_3_nodes_69_165,0
graph_1_2_nodes_111_146,0
graph_4_3_nodes_116_192,0
graph_4_4_nodes_58_178,0
graph_1_2_nodes_28_124,0
graph_4_4_nodes_18_193,0
graph_4_2_nodes_31_153,0
graph_3_4_nodes_116_119,1
graph_3_2_nodes_11_166,0
graph_4_3_nodes_15_74,0
graph_3_3_nodes_75_157,0
graph_2_5_nodes_74_102,0
graph_3_5_nodes_87_137,0
graph_3_2_nodes_55_145,0
graph_1_3_nodes_58_150,0
graph_3_2_nodes_153_187,0
graph_3_4_nodes_34_175,0
graph_3_2_nodes_66_139,1
graph_4_2_nodes_41_69,0
graph_1_4_nodes_28_57,0
graph_3_5_nodes_55_190,0
graph_4_4_nodes_5_189,1
graph_4_5_nodes_75_144,0
graph_2_4_nodes_65_191,1
graph_4_4_nodes_22_108,0
graph_3_1_nodes_80_187,0
graph_3_2_nodes_130_181,0
graph_2_4_nodes_103_199,0
graph_3_1_nodes_149_158,0
graph_2_3_nodes_78_130,0
graph_3_3_nodes_5_166,0
graph_2_5_nodes_62_107,0
graph_1_2_nodes_15_192,0
graph_2_3_nodes_36_125,0
graph_1_4_nodes_67_133,0
graph_1_1_nodes_110_197,0
graph_3_2_nodes_33_77,0
graph_1_1_nodes_153_158,0
graph_1_3_nodes_63_188,1
graph_4_3_nodes_83_123,0
graph_2_4_nodes_11_170,1
graph_1_4_nodes_135_151,0
graph_1_5_nodes_37_69,0
graph_3_1_nodes_88_92,0
graph_4_2_nodes_119_126,0
graph_2_2_nodes_28_170,0
graph_3_4_nodes_29_72,0
graph_1_4_nodes_39_94,0
graph_3_4_nodes_26_157,0
graph_3_1_nodes_83_166,0
graph_1_2_nodes_45_55,0
graph_3_5_nodes_111_146,0
graph_3_1_nodes_36_79,0
graph_3_5_nodes_41_172,0
graph_1_5_nodes_6_185,0
graph_3_5_nodes_121_151,0
graph_2_3_nodes_55_149,0
graph_1_1_nodes_45_189,0
graph_3_4_nodes_142_175,0
graph_2_4_nodes_116_183,0
graph_3_4_nodes_61_107,1
graph_2_2_nodes_8_192,0
graph_2_1_nodes_82_157,0
graph_1_3_nodes_10_91,1
graph_2_2_nodes_146_192,0
graph_3_4_nodes_9_170,0
graph_1_2_nodes_87_98,0
graph_1_1_nodes_45_59,0
graph_1_1_nodes_17_101,0
graph_4_1_nodes_7_78,0
graph_2_4_nodes_70_184,1
graph_1_4_nodes_109_196,0
graph_4_2_nodes_103_161,0
graph_1_5_nodes_70_198,0
graph_3_4_nodes_117_154,1
graph_3_4_nodes_47_65,0
graph_1_4_nodes_38_141,0
graph_2_5_nodes_37_40,0
graph_4_1_nodes_6_89,0
graph_3_4_nodes_20_198,1
graph_3_4_nodes_29_42,0
graph_1_5_nodes_14_27,0
graph_4_4_nodes_13_82,0
graph_2_3_nodes_2_157,0
graph_4_3_nodes_27_167,0
graph_1_5_nodes_74_78,0
graph_3_1_nodes_13_104,0
graph_2_1_nodes_101_137,0
graph_3_4_nodes_132_135,0
graph_2_5_nodes_37_41,0
graph_1_5_nodes_30_90,1
graph_4_4_nodes_108_161,0
graph_4_3_nodes_0_152,1
graph_3_2_nodes_141_168,0
graph_4_1_nodes_32_93,1
graph_3_4_nodes_41_118,0
graph_1_1_nodes_17_97,0
graph_2_5_nodes_41_84,0
graph_2_2_nodes_40_56,1
graph_3_3_nodes_108_145,1
graph_4_2_nodes_108_134,0
graph_1_5_nodes_195_199,0
graph_4_1_nodes_41_159,0
graph_2_3_nodes_13_32,0
graph_4_4_nodes_63_197,0
graph_4_4_nodes_0_28,0
graph_2_5_nodes_28_101,0
graph_2_3_nodes_138_181,0
graph_4_2_nodes_16_25,0
graph_3_1_nodes_43_68,0
graph_2_3_nodes_78_131,0
graph_4_5_nodes_73_174,0
graph_4_1_nodes_52_93,0
graph_4_4_nodes_5_65,0
graph_3_2_nodes_79_116,0
graph_3_5_nodes_176_192,0
graph_2_4_nodes_116_182,0
graph_1_2_nodes_145_191,0
graph_1_1_nodes_70_163,0
graph_2_3_nodes_87_113,0
graph_2_4_nodes_94_191,0
graph_2_3_nodes_94_168,0
graph_2_1_nodes_25_155,0
graph_4_2_nodes_116_119,0
graph_3_5_nodes_46_166,0
graph_3_1_nodes_108_196,0
graph_1_5_nodes_85_93,0
graph_2_4_nodes_75_170,0
graph_1_1_nodes_46_133,0
graph_2_4_nodes_151_160,0
graph_1_1_nodes_56_172,0
graph_2_5_nodes_119_186,0
graph_4_5_nodes_27_120,0
graph_4_4_nodes_164_184,0
graph_1_5_nodes_51_66,1
graph_1_2_nodes_100_112,0
graph_2_3_nodes_13_119,0
graph_3_4_nodes_111_132,0
graph_3_3_nodes_97_140,1
graph_1_3_nodes_93_186,0
graph_1_2_nodes_24_73,0
graph_2_2_nodes_98_162,0
graph_4_2_nodes_36_179,0
graph_1_2_nodes_0_48,0
graph_4_2_nodes_2_17,0
graph_2_3_nodes_20_143,0
graph_4_1_nodes_6_100,1
graph_2_2_nodes_100_194,0
graph_3_5_nodes_134_164,0
graph_4_1_nodes_61_122,1
graph_4_5_nodes_99_112,0
graph_3_3_nodes_94_186,0
graph_1_5_nodes_126_164,0
graph_3_3_nodes_48_133,1
graph_1_2_nodes_0_127,0
graph_1_5_nodes_23_187,0
graph_2_2_nodes_75_136,1
graph_2_3_nodes_126_133,0
graph_1_4_nodes_59_132,0
graph_2_4_nodes_103_113,0
graph_2_3_nodes_15_24,0
graph_2_5_nodes_23_42,0
graph_2_5_nodes_62_97,1
graph_2_5_nodes_7_173,0
graph_3_4_nodes_45_154,0
graph_4_2_nodes_67_137,0
graph_2_1_nodes_1_141,0
graph_1_2_nodes_49_133,0
graph_3_4_nodes_77_103,0
graph_4_3_nodes_41_65,0
graph_2_4_nodes_0_124,0
graph_1_2_nodes_165_198,0
graph_3_2_nodes_88_136,0
graph_4_4_nodes_76_194,0
graph_4_1_nodes_47_75,0
graph_2_4_nodes_28_125,0
graph_4_4_nodes_72_162,1
graph_3_3_nodes_162_198,1
graph_4_5_nodes_3_48,1
graph_4_5_nodes_35_38,0
graph_2_4_nodes_17_165,0
graph_3_2_nodes_16_159,0
graph_3_3_nodes_132_186,1
graph_2_5_nodes_168_181,0
graph_3_4_nodes_68_130,0
graph_1_5_nodes_181_185,0
graph_3_5_nodes_44_166,0
graph_2_5_nodes_7_175,0
graph_3_5_nodes_63_147,0
graph_4_1_nodes_89_99,0
graph_2_2_nodes_10_64,1
graph_2_3_nodes_59_74,0
graph_4_4_nodes_34_182,0
graph_1_3_nodes_144_182,0
graph_3_1_nodes_41_86,0
graph_4_4_nodes_69_77,1
graph_1_4_nodes_17_186,0
graph_2_5_nodes_50_56,0
graph_1_2_nodes_126_175,0
graph_4_4_nodes_86_127,0
graph_3_3_nodes_90_148,0
graph_3_5_nodes_99_146,0
graph_1_1_nodes_93_114,0
graph_2_3_nodes_27_195,0
graph_3_3_nodes_2_76,0
graph_2_3_nodes_107_185,0
graph_3_4_nodes_41_93,1
graph_1_5_nodes_28_108,0
graph_1_4_nodes_116_136,0
graph_2_1_nodes_158_194,1
graph_4_2_nodes_53_151,0
graph_1_4_nodes_27_170,0
graph_3_1_nodes_70_105,0
graph_1_3_nodes_93_192,0
graph_4_2_nodes_53_64,0
graph_3_2_nodes_8_11,1
graph_3_2_nodes_4_158,0
graph_2_1_nodes_167_182,1
graph_3_3_nodes_48_146,0
graph_1_5_nodes_132_182,0
graph_2_1_nodes_45_124,0
graph_3_4_nodes_66_161,0
graph_2_4_nodes_103_180,0
graph_4_1_nodes_4_164,0
graph_2_4_nodes_138_194,0
graph_1_3_nodes_113_188,0
graph_1_4_nodes_0_82,0
graph_1_4_nodes_32_154,0
graph_1_4_nodes_7_152,0
graph_1_1_nodes_49_60,0
graph_1_1_nodes_68_193,0
graph_1_2_nodes_135_193,0
graph_4_4_nodes_174_191,0
graph_1_3_nodes_27_104,0
graph_3_1_nodes_2_89,0
graph_1_3_nodes_25_122,0
graph_2_5_nodes_77_164,0
graph_1_1_nodes_36_69,0
graph_4_5_nodes_45_197,0
graph_2_2_nodes_80_185,0
graph_3_1_nodes_37_179,0
graph_4_4_nodes_27_154,1
graph_1_4_nodes_125_165,0
graph_3_4_nodes_70_137,0
graph_3_5_nodes_25_175,0
graph_2_2_nodes_36_124,1
graph_3_1_nodes_59_185,0
graph_1_1_nodes_19_94,0
graph_2_2_nodes_179_191,1
graph_1_3_nodes_22_124,0
graph_2_2_nodes_55_184,0
